city,year,month,season,tavg_mean,tmax_mean,tmin_mean,dtr_mean,prcp_total,rainy_days
Bangalore,1990,1,Winter,21.193548387096776,28.224,14.311538461538463,14.366666666666665,0.0,0
Bangalore,1990,2,Winter,23.87142857142857,30.708333333333332,17.456521739130434,13.614285714285714,0.0,0
Bangalore,1990,3,Pre-Monsoon,26.48709677419355,32.63793103448276,20.811999999999998,11.654166666666667,3.5999999999999996,1
Bangalore,1990,4,Pre-Monsoon,28.43,34.6,22.666666666666668,11.963636363636363,211.79999999999998,3
Bangalore,1990,5,Pre-Monsoon,25.73076923076923,31.836363636363636,21.577777777777776,10.094117647058823,132.2,8
Bangalore,1990,6,Monsoon,23.69,28.770370370370372,20.04736842105263,8.75,40.1,6
Bangalore,1990,7,Monsoon,22.851612903225806,28.1037037037037,19.374074074074073,8.695652173913043,26.0,5
Bangalore,1990,8,Monsoon,22.293548387096774,26.849999999999998,19.623076923076923,7.320833333333333,75.3,9
Bangalore,1990,9,Monsoon,23.686666666666667,28.842857142857145,19.985714285714284,8.795238095238094,40.9,5
Bangalore,1990,10,Post-Monsoon,23.263333333333332,28.15833333333333,19.437037037037037,8.55,37.6,3
Bangalore,1990,11,Post-Monsoon,21.895652173913046,27.38125,18.176470588235293,9.563636363636364,99.5,4
Bangalore,1990,12,Winter,20.970000000000002,26.33703703703704,16.213636363636365,10.431578947368422,0.0,0
Bangalore,1991,1,Winter,22.013793103448275,28.70434782608696,16.40869565217391,12.421052631578947,0.3,0
Bangalore,1991,2,Winter,24.0,30.996,17.40714285714286,13.64,0.0,0
Bangalore,1991,3,Pre-Monsoon,27.351612903225806,34.04482758620689,20.773076923076925,13.436,0.0,0
Bangalore,1991,4,Pre-Monsoon,27.013333333333332,33.714285714285715,21.878260869565217,11.921739130434782,34.4,5
Bangalore,1991,5,Pre-Monsoon,27.00344827586207,33.596,21.875,11.653846153846157,128.5,5
Bangalore,1991,6,Monsoon,23.55,28.37391304347826,20.672222222222224,7.933333333333334,49.0,5
Bangalore,1991,7,Monsoon,22.416129032258063,26.94074074074074,19.56,7.495652173913044,34.4,4
Bangalore,1991,8,Monsoon,22.34,26.78,19.108695652173914,7.625,98.10000000000001,8
Bangalore,1991,9,Monsoon,23.683333333333334,28.837500000000002,19.856521739130436,8.8,201.7,15
Bangalore,1991,10,Post-Monsoon,22.758064516129032,27.65,18.985185185185188,8.55,259.7,7
Bangalore,1991,11,Post-Monsoon,21.276666666666664,26.11923076923077,17.586363636363636,8.365,293.3,3
Bangalore,1991,12,Winter,20.248387096774195,26.20689655172414,15.678571428571429,10.426923076923078,0.0,0
Bangalore,1992,1,Winter,19.799999999999997,26.646428571428572,13.15,13.576190476190478,0.0,0
Bangalore,1992,2,Winter,23.513793103448275,30.320833333333336,17.768,12.628571428571428,0.0,0
Bangalore,1992,3,Pre-Monsoon,25.629166666666666,33.75,16.90909090909091,15.800000000000002,106.9,1
Bangalore,1992,4,Pre-Monsoon,27.53448275862069,34.275,21.675,12.847826086956522,7.699999999999999,2
Bangalore,1992,5,Pre-Monsoon,26.023333333333333,32.60370370370371,20.905263157894737,11.723529411764707,49.6,4
Bangalore,1992,6,Monsoon,23.50344827586207,29.108333333333334,20.015,8.688235294117646,158.1,9
Bangalore,1992,7,Monsoon,22.92258064516129,27.624000000000002,19.656521739130437,7.877777777777778,85.7,5
Bangalore,1992,8,Monsoon,22.276666666666664,27.451851851851853,19.01304347826087,8.661904761904761,68.3,9
Bangalore,1992,9,Monsoon,23.05,28.26153846153846,19.5,8.794117647058824,134.70000000000002,7
Bangalore,1992,10,Post-Monsoon,22.88064516129032,28.151851851851852,19.3125,8.868181818181817,75.7,10
Bangalore,1992,11,Post-Monsoon,22.136666666666667,26.925,18.465384615384615,8.466666666666667,29.8,5
Bangalore,1992,12,Winter,19.982142857142858,25.77916666666667,14.405882352941177,10.753846153846155,0.5,0
Bangalore,1993,1,Winter,20.980645161290322,28.66296296296296,14.117857142857144,14.529166666666669,0.0,0
Bangalore,1993,2,Winter,23.207142857142856,30.292857142857144,16.622222222222224,13.622222222222222,0.0,0
Bangalore,1993,3,Pre-Monsoon,25.958064516129035,32.37931034482759,19.87857142857143,12.576923076923077,29.8,3
Bangalore,1993,4,Pre-Monsoon,27.55,34.35333333333333,21.766666666666666,12.725,10.4,1
Bangalore,1993,5,Pre-Monsoon,27.148275862068964,34.52916666666667,21.54,12.68125,68.1,6
Bangalore,1993,6,Monsoon,24.433333333333334,30.024,20.294736842105266,9.686666666666667,75.10000000000001,5
Bangalore,1993,7,Monsoon,23.26451612903226,28.065384615384616,19.5625,8.629999999999999,68.1,6
Bangalore,1993,8,Monsoon,23.273333333333333,28.27692307692308,19.7,8.661904761904761,39.5,8
Bangalore,1993,9,Monsoon,23.34333333333333,28.174074074074074,19.416,8.582608695652175,258.8,9
Bangalore,1993,10,Post-Monsoon,22.603225806451615,27.634615384615383,19.308695652173913,8.542105263157893,98.1,10
Bangalore,1993,11,Post-Monsoon,21.80666666666667,26.491999999999997,18.01851851851852,8.283333333333333,20.0,4
Bangalore,1993,12,Winter,20.23,25.319230769230767,16.165384615384617,9.454545454545455,153.5,5
Bangalore,1994,1,Winter,20.9,27.45357142857143,15.18,12.318181818181818,0.0,0
Bangalore,1994,2,Winter,23.357142857142858,29.776,18.067999999999998,11.636363636363637,0.3,0
Bangalore,1994,3,Pre-Monsoon,26.361290322580647,33.42,19.48076923076923,13.490909090909092,0.0,0
Bangalore,1994,4,Pre-Monsoon,27.226666666666667,33.38333333333333,21.67391304347826,11.952173913043477,150.1,3
Bangalore,1994,5,Pre-Monsoon,26.858620689655172,33.804,21.773913043478263,12.459999999999999,14.5,4
Bangalore,1994,6,Monsoon,23.38,28.642307692307693,20.065,8.633333333333333,31.099999999999998,5
Bangalore,1994,7,Monsoon,22.509677419354837,26.9,19.80909090909091,6.842105263157895,159.9,14
Bangalore,1994,8,Monsoon,23.125806451612902,28.088,19.733333333333334,8.31578947368421,56.699999999999996,10
Bangalore,1994,9,Monsoon,24.086666666666666,29.22962962962963,19.765,9.952941176470588,173.79999999999998,3
Bangalore,1994,10,Post-Monsoon,22.67,27.944444444444443,19.47826086956522,8.879999999999999,153.9,13
Bangalore,1994,11,Post-Monsoon,20.953333333333333,25.815384615384616,17.48846153846154,8.639130434782608,25.2,4
Bangalore,1994,12,Winter,19.948387096774194,26.054166666666664,15.052,10.985,5.1,2
Bangalore,1995,1,Winter,20.980645161290322,26.86896551724138,16.253846153846155,10.884,18.6,1
Bangalore,1995,2,Winter,23.900000000000002,30.624000000000002,18.076,12.481818181818182,0.0,0
Bangalore,1995,3,Pre-Monsoon,26.026666666666664,32.41428571428572,19.358620689655172,13.042857142857143,66.5,2
Bangalore,1995,4,Pre-Monsoon,27.596666666666668,33.676,21.90740740740741,11.845454545454546,33.8,4
Bangalore,1995,5,Pre-Monsoon,25.751612903225805,31.71034482758621,21.055999999999997,10.691304347826087,185.6,9
Bangalore,1995,6,Monsoon,25.142857142857142,30.662499999999998,20.756521739130434,9.457894736842105,22.1,5
Bangalore,1995,7,Monsoon,23.335483870967742,27.78076923076923,20.065217391304348,7.805,77.5,3
Bangalore,1995,8,Monsoon,23.44516129032258,28.21851851851852,20.146153846153844,7.970833333333334,163.8,13
Bangalore,1995,9,Monsoon,23.543333333333333,28.285714285714285,19.904,8.404347826086957,236.7,6
Bangalore,1995,10,Post-Monsoon,23.39333333333333,27.99285714285714,19.925925925925927,8.084000000000001,133.0,7
Bangalore,1995,11,Post-Monsoon,23.03103448275862,28.664,18.48695652173913,10.4,12.9,2
Bangalore,1995,12,Winter,20.74516129032258,27.69677419354839,14.717241379310344,13.0,0.0,0
Bangalore,1996,1,Winter,21.467741935483872,28.566666666666666,15.617857142857144,12.97391304347826,0.0,0
Bangalore,1996,2,Winter,23.03793103448276,30.46896551724138,16.733333333333334,13.785185185185187,0.0,0
Bangalore,1996,3,Pre-Monsoon,26.60322580645161,34.022222222222226,19.38148148148148,14.566666666666668,0.0,0
Bangalore,1996,4,Pre-Monsoon,26.782758620689656,33.42962962962963,21.650000000000002,12.0,90.5,5
Bangalore,1996,5,Pre-Monsoon,27.483870967741936,35.265517241379314,21.53076923076923,13.784,41.7,6
Bangalore,1996,6,Monsoon,24.36896551724138,29.382758620689657,20.061904761904763,9.023809523809524,152.8,9
Bangalore,1996,7,Monsoon,23.683870967741935,28.703703703703702,20.123076923076926,8.504545454545454,49.300000000000004,5
Bangalore,1996,8,Monsoon,22.835483870967742,27.646428571428572,19.642307692307693,8.030434782608696,286.0,11
Bangalore,1996,9,Monsoon,22.86,27.8962962962963,19.855999999999998,8.20909090909091,195.0,14
Bangalore,1996,10,Post-Monsoon,22.55185185185185,27.743478260869566,19.312,8.557142857142859,83.6,11
Bangalore,1996,11,Post-Monsoon,22.05666666666667,27.885185185185183,17.595454545454547,10.494736842105263,1.6,0
Bangalore,1996,12,Winter,19.86774193548387,25.70344827586207,15.694736842105263,10.08235294117647,7.5,1
Bangalore,1997,1,Winter,20.9,27.717241379310344,16.170833333333334,11.465217391304348,0.0,0
Bangalore,1997,2,Winter,23.166666666666668,30.976,17.272000000000002,13.6,0.0,0
Bangalore,1997,3,Pre-Monsoon,24.820689655172412,32.34583333333334,18.927777777777777,13.750000000000002,19.0,3
Bangalore,1997,4,Pre-Monsoon,25.87,32.729166666666664,20.75769230769231,12.061904761904762,64.1,4
Bangalore,1997,5,Pre-Monsoon,26.758064516129032,34.12758620689655,21.631999999999998,12.534782608695652,39.9,3
Bangalore,1997,6,Monsoon,25.016666666666666,31.61923076923077,20.926315789473687,10.694444444444445,74.5,7
Bangalore,1997,7,Monsoon,23.42258064516129,29.103571428571428,20.128,9.14782608695652,18.1,5
Bangalore,1997,8,Monsoon,22.958064516129035,28.26153846153846,19.855555555555558,8.490909090909092,156.7,9
Bangalore,1997,9,Monsoon,23.726666666666667,29.125,19.990909090909092,8.99047619047619,276.8,12
Bangalore,1997,10,Post-Monsoon,23.163333333333334,29.175,19.654545454545453,9.58421052631579,246.2,5
Bangalore,1997,11,Post-Monsoon,22.45862068965517,27.15416666666667,19.721739130434784,7.340000000000001,163.5,11
Bangalore,1997,12,Winter,21.77741935483871,27.037037037037038,18.675,8.530434782608696,19.7,3
Bangalore,1998,1,Winter,22.32903225806452,29.236,17.816,12.08421052631579,0.0,0
Bangalore,1998,2,Winter,24.396428571428572,31.291666666666668,19.0,12.322222222222223,0.0,0
Bangalore,1998,3,Pre-Monsoon,27.09032258064516,34.1551724137931,20.90740740740741,13.208,0.0,0
Bangalore,1998,4,Pre-Monsoon,28.05,35.04615384615385,22.72608695652174,12.466666666666667,53.4,4
Bangalore,1998,5,Pre-Monsoon,27.419354838709676,34.08965517241379,22.617391304347827,11.40909090909091,121.3,6
Bangalore,1998,6,Monsoon,25.326666666666664,30.857692307692307,21.215384615384615,9.472727272727273,87.1,4
Bangalore,1998,7,Monsoon,23.606451612903225,28.606896551724137,20.292,7.813043478260869,257.1,12
Bangalore,1998,8,Monsoon,23.476666666666667,28.339285714285715,20.425925925925927,7.892307692307693,271.9,16
Bangalore,1998,9,Monsoon,23.19,27.732142857142858,20.014814814814812,7.892,152.2,8
Bangalore,1998,10,Post-Monsoon,22.76451612903226,28.326666666666664,19.596,9.033333333333333,200.6,10
Bangalore,1998,11,Post-Monsoon,22.366666666666667,27.555555555555557,18.430434782608696,9.019047619047617,48.8,4
Bangalore,1998,12,Winter,20.75483870967742,26.490322580645163,16.42962962962963,9.966666666666667,19.4,3
Bangalore,1999,1,Winter,21.196666666666665,28.53666666666667,15.158333333333333,13.512500000000001,0.0,0
Bangalore,1999,2,Winter,23.610714285714288,30.384615384615383,17.134615384615383,13.220833333333333,16.0,1
Bangalore,1999,3,Pre-Monsoon,26.751612903225805,34.04333333333334,20.348275862068967,13.775000000000002,0.0,0
Bangalore,1999,4,Pre-Monsoon,27.03666666666667,34.236,21.120833333333334,13.5,34.0,2
Bangalore,1999,5,Pre-Monsoon,24.674193548387095,30.73793103448276,20.650000000000002,9.890476190476189,148.5,10
Bangalore,1999,6,Monsoon,23.71333333333333,29.348148148148148,19.920833333333334,9.461904761904762,25.9,2
Bangalore,1999,7,Monsoon,22.967741935483872,28.05,19.930434782608696,8.040909090909091,28.7,7
Bangalore,1999,8,Monsoon,23.248387096774195,28.114814814814817,19.860869565217392,8.138095238095238,81.0,6
Bangalore,1999,9,Monsoon,23.673333333333336,29.5,19.768,9.669565217391305,64.9,6
Bangalore,1999,10,Post-Monsoon,23.19677419354839,28.433333333333334,19.931818181818183,8.5,190.6,11
Bangalore,1999,11,Post-Monsoon,21.796666666666667,27.5,17.476,10.456521739130435,57.199999999999996,4
Bangalore,1999,12,Winter,20.396428571428572,26.203703703703702,15.954545454545455,10.186363636363636,15.5,2
Bangalore,2000,1,Winter,21.641935483870967,28.823076923076922,16.182758620689654,12.720833333333333,0.0,0
Bangalore,2000,2,Winter,23.358620689655172,30.246153846153845,18.592307692307692,11.421739130434782,57.9,3
Bangalore,2000,3,Pre-Monsoon,25.853333333333335,32.75185185185185,19.743333333333332,12.974074074074075,0.0,0
Bangalore,2000,4,Pre-Monsoon,26.90666666666667,33.98461538461539,21.884615384615383,11.963636363636363,55.9,4
Bangalore,2000,5,Pre-Monsoon,25.932258064516127,32.37931034482759,21.139130434782608,11.281818181818183,33.9,3
Bangalore,2000,6,Monsoon,23.21333333333333,28.24074074074074,19.97037037037037,8.429166666666667,84.6,9
Bangalore,2000,7,Monsoon,23.19677419354839,28.470000000000002,19.62962962962963,8.930769230769231,98.4,6
Bangalore,2000,8,Monsoon,22.809677419354838,27.467741935483872,19.576,8.144,273.90000000000003,16
Bangalore,2000,9,Monsoon,23.503333333333334,28.709999999999997,20.043478260869566,8.569565217391304,101.9,6
Bangalore,2000,10,Post-Monsoon,22.716129032258067,28.370967741935484,18.73478260869565,9.843478260869565,309.9,12
Bangalore,2000,11,Post-Monsoon,22.046666666666667,27.548275862068966,17.650000000000002,10.06818181818182,7.1,1
Bangalore,2000,12,Winter,20.219354838709677,27.06206896551724,14.829629629629629,12.144,12.700000000000001,1
Bangalore,2001,1,Winter,21.43548387096774,28.4,16.448275862068964,11.93448275862069,0.0,0
Bangalore,2001,2,Winter,24.88214285714286,32.63214285714285,18.64,14.02,0.0,0
Bangalore,2001,3,Pre-Monsoon,26.63225806451613,33.60666666666667,20.836666666666666,12.824137931034482,1.0,0
Bangalore,2001,4,Pre-Monsoon,26.336666666666666,32.20666666666667,21.726086956521737,10.830434782608695,213.6,5
Bangalore,2001,5,Pre-Monsoon,26.574193548387097,33.175862068965515,21.617391304347827,11.547619047619047,15.0,1
Bangalore,2001,6,Monsoon,24.28666666666667,29.613793103448273,20.61111111111111,9.01923076923077,10.899999999999999,3
Bangalore,2001,7,Monsoon,23.351612903225806,28.738709677419354,20.15,8.857692307692307,50.900000000000006,3
Bangalore,2001,8,Monsoon,22.5258064516129,27.64074074074074,19.673076923076923,7.877272727272728,82.9,12
Bangalore,2001,9,Monsoon,23.71333333333333,29.224,20.008695652173913,9.34,244.4,13
Bangalore,2001,10,Post-Monsoon,22.838709677419356,27.433333333333334,19.638461538461538,7.635999999999999,144.5,12
Bangalore,2001,11,Post-Monsoon,22.246666666666666,27.444827586206895,18.226923076923075,9.232000000000001,27.2,3
Bangalore,2001,12,Winter,20.59032258064516,26.396153846153844,15.781481481481482,10.512500000000001,0.0,0
Bangalore,2002,1,Winter,21.683870967741935,28.455172413793104,16.613793103448277,11.785185185185185,0.0,0
Bangalore,2002,2,Winter,22.942857142857143,29.928571428571427,17.04074074074074,12.903703703703705,0.0,0
Bangalore,2002,3,Pre-Monsoon,26.516129032258064,33.690322580645166,19.892307692307693,13.761538461538462,0.0,0
Bangalore,2002,4,Pre-Monsoon,28.103333333333335,34.76896551724138,22.48846153846154,12.184000000000001,8.9,1
Bangalore,2002,5,Pre-Monsoon,26.67096774193548,33.14333333333333,22.02,11.120833333333332,113.60000000000001,5
Bangalore,2002,6,Monsoon,24.573333333333334,29.77777777777778,20.923076923076923,8.829166666666666,174.0,7
Bangalore,2002,7,Monsoon,23.89032258064516,29.35483870967742,20.02962962962963,9.4,30.1,6
Bangalore,2002,8,Monsoon,23.53666666666667,28.582142857142856,20.01923076923077,8.612,41.1,6
Bangalore,2002,9,Monsoon,24.283333333333335,30.413793103448278,20.232,10.168,47.099999999999994,3
Bangalore,2002,10,Post-Monsoon,23.46333333333333,28.51111111111111,20.154545454545453,8.015,131.9,7
Bangalore,2002,11,Post-Monsoon,22.006666666666668,28.182142857142857,17.571428571428573,11.242105263157894,25.9,1
Bangalore,2002,12,Winter,20.94193548387097,28.561290322580643,14.889285714285714,13.725,0.0,0
Bangalore,2003,1,Winter,21.526666666666664,29.04642857142857,16.01851851851852,13.053846153846154,0.0,0
Bangalore,2003,2,Winter,24.65357142857143,31.71851851851852,18.934615384615384,12.896153846153847,2.0,1
Bangalore,2003,3,Pre-Monsoon,26.65806451612903,33.73548387096774,20.290000000000003,13.503333333333334,3.4,1
Bangalore,2003,4,Pre-Monsoon,27.376666666666665,34.096666666666664,22.192592592592593,11.81851851851852,29.200000000000003,3
Bangalore,2003,5,Pre-Monsoon,28.229032258064517,35.28,22.69259259259259,12.55,0.5,0
Bangalore,2003,6,Monsoon,25.28965517241379,31.465384615384615,20.945454545454545,10.131578947368421,82.0,6
Bangalore,2003,7,Monsoon,23.751612903225805,29.163333333333334,20.46923076923077,8.652000000000001,86.7,6
Bangalore,2003,8,Monsoon,23.335483870967742,28.76666666666667,20.170833333333334,8.754545454545454,113.1,11
Bangalore,2003,9,Monsoon,23.736666666666668,29.156,19.75185185185185,9.327272727272726,76.4,8
Bangalore,2003,10,Post-Monsoon,23.225806451612904,28.79310344827586,19.766666666666666,9.240909090909092,204.5,8
Bangalore,2003,11,Post-Monsoon,22.066666666666666,27.762962962962963,17.840740740740742,9.988,27.4,1
Bangalore,2003,12,Winter,20.883870967741935,27.791999999999998,16.039285714285715,11.547826086956523,3.0,1
Bangalore,2004,1,Winter,21.529032258064515,28.975862068965515,16.292307692307695,12.9625,4.1,1
Bangalore,2004,2,Winter,23.413793103448278,31.314285714285713,16.58076923076923,14.856,2.0,1
Bangalore,2004,3,Pre-Monsoon,26.68064516129032,34.266666666666666,19.986666666666668,14.327586206896552,1.3,0
Bangalore,2004,4,Pre-Monsoon,27.48,34.12758620689655,22.417391304347827,12.181818181818182,45.9,5
Bangalore,2004,5,Pre-Monsoon,24.12258064516129,29.73225806451613,20.704545454545453,9.022727272727273,140.4,7
Bangalore,2004,6,Monsoon,23.633333333333333,29.026666666666664,19.967857142857145,9.132142857142856,70.3,9
Bangalore,2004,7,Monsoon,22.864516129032257,28.283333333333335,19.745833333333334,8.81304347826087,283.5,14
Bangalore,2004,8,Monsoon,22.94193548387097,28.164516129032258,19.65666666666667,8.49,58.0,9
Bangalore,2004,9,Monsoon,23.06,27.879310344827587,19.8,8.325000000000001,248.7,10
Bangalore,2004,10,Post-Monsoon,22.741935483870968,27.76774193548387,19.31153846153846,8.588461538461539,152.6,10
Bangalore,2004,11,Post-Monsoon,21.490000000000002,26.917241379310347,17.247826086956522,9.768181818181818,19.4,3
Bangalore,2004,12,Winter,20.858064516129033,28.112903225806452,15.278571428571428,12.9,0.0,0
Bangalore,2005,1,Winter,22.04516129032258,29.089655172413792,16.589655172413792,12.670370370370371,0.0,0
Bangalore,2005,2,Winter,24.217857142857145,31.91111111111111,17.842307692307692,14.1,7.9,1
Bangalore,2005,3,Pre-Monsoon,26.503225806451614,33.67333333333333,20.66551724137931,13.010714285714286,10.9,1
Bangalore,2005,4,Pre-Monsoon,26.313333333333333,32.72666666666667,21.645454545454545,11.381818181818183,81.60000000000001,5
Bangalore,2005,5,Pre-Monsoon,26.72258064516129,33.85862068965517,21.849999999999998,12.117391304347825,158.7,11
Bangalore,2005,6,Monsoon,24.553333333333335,30.19333333333333,20.73076923076923,9.396153846153847,103.6,6
Bangalore,2005,7,Monsoon,23.216129032258067,28.53666666666667,20.024,8.529166666666667,103.3,11
Bangalore,2005,8,Monsoon,23.18064516129032,28.240000000000002,19.846153846153847,8.3,200.8,9
Bangalore,2005,9,Monsoon,23.290000000000003,28.25,19.81153846153846,8.407692307692308,181.0,11
Bangalore,2005,10,Post-Monsoon,22.58709677419355,27.483333333333334,19.58,7.916666666666667,604.5,18
Bangalore,2005,11,Post-Monsoon,20.84333333333333,26.2,17.1,9.116,60.4,7
Bangalore,2005,12,Winter,20.83225806451613,26.70344827586207,16.41111111111111,10.22,9.1,2
Bangalore,2006,1,Winter,21.57741935483871,28.59642857142857,15.846428571428572,12.975999999999999,0.5,0
Bangalore,2006,2,Winter,22.646428571428572,30.755555555555556,15.511111111111111,15.21923076923077,0.0,0
Bangalore,2006,3,Pre-Monsoon,25.403225806451612,32.19,19.893103448275863,12.285714285714286,89.1,5
Bangalore,2006,4,Pre-Monsoon,27.4,33.916666666666664,22.325,11.792857142857143,35.9,1
Bangalore,2006,5,Pre-Monsoon,25.661290322580644,32.1258064516129,21.276,10.927999999999999,126.5,7
Bangalore,2006,6,Monsoon,24.16,29.64,20.38076923076923,9.361538461538462,153.8,11
Bangalore,2006,7,Monsoon,23.374193548387098,28.616129032258065,20.003846153846155,8.757692307692308,0.8,0
Bangalore,2006,8,Monsoon,23.629032258064516,28.89,20.063333333333333,8.826666666666666,18.3,2
Bangalore,2006,9,Monsoon,24.176666666666666,29.956666666666667,20.416,9.632,55.5,8
Bangalore,2006,10,Post-Monsoon,23.761290322580646,29.37741935483871,19.99285714285714,9.689285714285715,62.0,7
Bangalore,2006,11,Post-Monsoon,22.453333333333333,27.663333333333334,18.907692307692308,8.726923076923075,44.5,6
Bangalore,2006,12,Winter,20.62258064516129,27.162068965517243,15.9,11.248148148148148,0.3,0
Bangalore,2007,1,Winter,21.664516129032258,29.07,15.773333333333333,13.27241379310345,0.0,0
Bangalore,2007,2,Winter,23.510714285714283,30.926923076923078,17.107142857142858,13.823076923076922,0.0,0
Bangalore,2007,3,Pre-Monsoon,26.91290322580645,33.95,20.67241379310345,13.321428571428571,0.0,0
Bangalore,2007,4,Pre-Monsoon,27.38,34.11071428571429,21.95,12.245454545454544,135.9,6
Bangalore,2007,5,Pre-Monsoon,26.726666666666667,33.306666666666665,21.684,11.687999999999999,168.1,9
Bangalore,2007,6,Monsoon,24.553333333333335,29.26153846153846,20.76,8.376190476190477,46.8,6
Bangalore,2007,7,Monsoon,23.551612903225806,28.73448275862069,20.355999999999998,8.38695652173913,485.8,11
Bangalore,2007,8,Monsoon,23.03666666666667,27.87,20.0,7.84074074074074,226.7,10
Bangalore,2007,9,Monsoon,23.203333333333333,28.055172413793105,19.891666666666666,8.421739130434784,172.8,10
Bangalore,2007,10,Post-Monsoon,23.32,28.446666666666665,19.62962962962963,9.037037037037036,151.4,12
Bangalore,2007,11,Post-Monsoon,21.866666666666667,27.85666666666667,17.254545454545454,10.554545454545455,35.400000000000006,3
Bangalore,2007,12,Winter,20.612903225806452,26.4,16.460714285714285,10.174074074074074,42.6,3
Bangalore,2008,1,Winter,21.674193548387095,29.36785714285714,16.00344827586207,13.649999999999999,0.0,0
Bangalore,2008,2,Winter,23.724137931034484,30.13703703703704,18.729629629629628,11.224,20.1,2
Bangalore,2008,3,Pre-Monsoon,23.9741935483871,30.274193548387096,18.620833333333334,11.7125,46.5,6
Bangalore,2008,4,Pre-Monsoon,26.759999999999998,33.21666666666667,21.537037037037038,12.092592592592593,12.2,3
Bangalore,2008,5,Pre-Monsoon,26.403225806451612,33.93666666666667,21.52592592592593,12.434615384615386,84.3,9
Bangalore,2008,6,Monsoon,24.163333333333334,29.348275862068967,20.319230769230767,9.064,114.0,3
Bangalore,2008,7,Monsoon,23.458064516129035,28.65,20.065384615384616,8.8,284.0,14
Bangalore,2008,8,Monsoon,22.919354838709676,27.61935483870968,20.096153846153847,7.5307692307692315,308.1,15
Bangalore,2008,9,Monsoon,23.56,28.62,19.715999999999998,9.252,140.1,7
Bangalore,2008,10,Post-Monsoon,22.72258064516129,28.086666666666666,19.12222222222222,8.923076923076923,132.5,8
Bangalore,2008,11,Post-Monsoon,22.003333333333334,27.65357142857143,17.677777777777777,10.06,41.4,4
Bangalore,2008,12,Winter,21.19677419354839,27.386666666666667,16.344827586206897,11.232142857142858,1.0,0
Bangalore,2009,1,Winter,21.038709677419355,28.186206896551724,15.296774193548387,12.879310344827585,0.0,0
Bangalore,2009,2,Winter,24.332142857142856,31.907142857142855,17.710714285714285,14.196428571428571,0.0,0
Bangalore,2009,3,Pre-Monsoon,26.138709677419353,33.11612903225806,20.351612903225806,12.764516129032259,2.0,1
Bangalore,2009,4,Pre-Monsoon,27.6,34.57241379310345,21.97037037037037,12.5,49.0,4
Bangalore,2009,5,Pre-Monsoon,26.135483870967743,32.66,21.203571428571426,11.417857142857143,150.6,9
Bangalore,2009,6,Monsoon,24.310344827586206,29.74642857142857,20.328,9.5375,195.4,4
Bangalore,2009,7,Monsoon,23.11935483870968,27.858064516129033,20.161290322580644,7.696774193548387,16.0,3
Bangalore,2009,8,Monsoon,23.700000000000003,28.509677419354837,20.322580645161292,8.187096774193549,126.0,6
Bangalore,2009,9,Monsoon,23.18,28.017241379310345,19.99655172413793,7.960714285714286,347.2,18
Bangalore,2009,10,Post-Monsoon,23.822580645161292,28.95483870967742,19.36774193548387,9.587096774193547,23.6,4
Bangalore,2009,11,Post-Monsoon,22.69,27.31,19.13,8.18,41.9,7
Bangalore,2009,12,Winter,21.625806451612902,27.038709677419355,17.65,9.343333333333334,1.3,0
Bangalore,2010,1,Winter,21.741935483870968,28.151612903225807,17.02,11.16,0.3,0
Bangalore,2010,2,Winter,24.592857142857145,31.892857142857142,18.257692307692306,13.48076923076923,0.0,0
Bangalore,2010,3,Pre-Monsoon,27.225806451612904,34.17333333333333,21.227586206896554,12.932142857142859,6.1,1
Bangalore,2010,4,Pre-Monsoon,27.65,34.68666666666666,22.477272727272727,12.381818181818183,88.2,4
Bangalore,2010,5,Pre-Monsoon,26.816129032258065,32.95483870967742,22.27037037037037,10.87037037037037,109.6,12
Bangalore,2010,6,Monsoon,24.616666666666667,29.83,21.104166666666668,8.575000000000001,96.6,7
Bangalore,2010,7,Monsoon,23.12258064516129,27.563333333333333,20.2,7.346153846153846,91.7,9
Bangalore,2010,8,Monsoon,23.283870967741933,27.358064516129033,20.418518518518518,7.003703703703703,90.4,9
Bangalore,2010,9,Monsoon,23.573333333333334,27.93103448275862,20.264285714285712,7.592592592592593,73.6,9
Bangalore,2010,10,Post-Monsoon,23.351612903225806,28.39,20.255555555555556,8.23846153846154,139.2,8
Bangalore,2010,11,Post-Monsoon,22.08,26.426666666666666,19.276923076923076,6.976923076923077,138.9,5
Bangalore,2010,12,Winter,20.91290322580645,27.06451612903226,16.848148148148148,10.396296296296295,0.8,0
Bangalore,2011,1,Winter,21.616129032258065,29.35483870967742,15.47,13.9,0.0,0
Bangalore,2011,2,Winter,22.925,30.517857142857142,16.54285714285714,13.975,23.1,1
Bangalore,2011,3,Pre-Monsoon,25.961290322580645,33.42258064516129,19.212903225806453,14.20967741935484,0.0,0
Bangalore,2011,4,Pre-Monsoon,26.246666666666666,33.440000000000005,21.373076923076926,11.984615384615385,185.70000000000002,3
Bangalore,2011,5,Pre-Monsoon,25.82903225806452,32.81935483870968,21.336666666666666,11.496666666666666,118.4,6
Bangalore,2011,6,Monsoon,23.793333333333333,29.513793103448275,20.392592592592592,9.11923076923077,19.099999999999998,3
Bangalore,2011,7,Monsoon,23.032258064516128,28.583870967741937,20.044444444444448,8.437037037037037,79.9,11
Bangalore,2011,8,Monsoon,22.806451612903224,28.299999999999997,20.138709677419353,8.161290322580646,276.8,17
Bangalore,2011,9,Monsoon,23.503333333333334,28.796666666666667,20.096551724137928,8.658620689655173,110.5,9
Bangalore,2011,10,Post-Monsoon,23.470967741935485,29.661290322580644,20.22142857142857,9.364285714285714,70.5,5
Bangalore,2011,11,Post-Monsoon,21.85666666666667,27.759999999999998,17.84333333333333,9.916666666666666,32.8,4
Bangalore,2011,12,Winter,21.03548387096774,28.14516129032258,15.916129032258064,12.229032258064517,7.1,1
Bangalore,2012,1,Winter,21.716129032258067,29.364516129032257,16.212903225806453,13.151612903225805,0.3,0
Bangalore,2012,2,Winter,23.900000000000002,31.879310344827587,17.186206896551724,14.693103448275862,0.0,0
Bangalore,2012,3,Pre-Monsoon,26.93548387096774,34.729032258064514,20.480645161290322,14.248387096774193,0.8,0
Bangalore,2012,4,Pre-Monsoon,27.846666666666668,35.26,22.503333333333334,12.756666666666666,13.4,2
Bangalore,2012,5,Pre-Monsoon,26.780645161290323,33.667741935483875,21.948387096774194,11.719354838709679,111.2,6
Bangalore,2012,6,Monsoon,25.2,31.553333333333335,20.959999999999997,10.593333333333334,0.5,0
Bangalore,2012,7,Monsoon,23.816129032258065,29.574193548387097,20.376666666666665,9.236666666666668,57.6,5
Bangalore,2012,8,Monsoon,23.23548387096774,29.174193548387095,20.123333333333335,9.006666666666666,179.3,7
Bangalore,2012,9,Monsoon,23.956666666666667,29.666666666666668,20.173333333333336,9.493333333333334,52.8,4
Bangalore,2012,10,Post-Monsoon,23.141935483870967,29.206451612903226,19.43548387096774,9.770967741935483,45.3,6
Bangalore,2012,11,Post-Monsoon,22.323333333333334,28.633333333333333,17.573333333333334,11.06,98.8,3
Bangalore,2012,12,Winter,21.738709677419354,28.493548387096773,16.822580645161292,11.670967741935485,27.2,2
Bangalore,2013,1,Winter,22.299999999999997,30.0258064516129,16.29,13.726666666666667,0.0,0
Bangalore,2013,2,Winter,23.925,31.535714285714285,18.035714285714285,13.5,2.0,1
Bangalore,2013,3,Pre-Monsoon,26.725806451612904,34.23870967741936,20.613333333333333,13.55,0.5,0
Bangalore,2013,4,Pre-Monsoon,28.336666666666666,35.8,22.951724137931034,12.844827586206897,20.0,3
Bangalore,2013,5,Pre-Monsoon,26.822580645161292,34.21290322580645,22.076923076923077,12.334615384615386,151.39999999999998,10
Bangalore,2013,6,Monsoon,23.363333333333333,28.88,20.267857142857142,8.607142857142858,77.2,11
Bangalore,2013,7,Monsoon,22.56451612903226,27.687096774193545,20.03793103448276,7.741379310344827,139.2,15
Bangalore,2013,8,Monsoon,23.061290322580643,28.048387096774192,20.04642857142857,8.010714285714284,94.1,11
Bangalore,2013,9,Monsoon,23.08,28.40666666666667,19.792857142857144,8.657142857142857,345.5,15
Bangalore,2013,10,Post-Monsoon,23.4741935483871,28.932258064516127,20.12258064516129,8.809677419354838,100.2,10
Bangalore,2013,11,Post-Monsoon,22.35,28.779999999999998,18.42758620689655,10.344827586206897,115.1,3
Bangalore,2013,12,Winter,20.82903225806452,28.061290322580643,15.96206896551724,12.044827586206896,0.0,0
Bangalore,2014,1,Winter,21.516129032258064,28.896774193548385,16.085714285714285,12.961904761904762,0.0,0
Bangalore,2014,2,Winter,23.842857142857145,31.575,18.204,13.492,0.3,0
Bangalore,2014,3,Pre-Monsoon,26.067741935483873,33.480645161290326,20.06451612903226,13.416129032258064,5.3999999999999995,1
Bangalore,2014,4,Pre-Monsoon,28.396666666666665,35.723333333333336,22.833333333333332,12.889999999999999,5.6,1
Bangalore,2014,5,Pre-Monsoon,27.06451612903226,34.17741935483871,22.900000000000002,11.375,74.9,8
Bangalore,2014,6,Monsoon,25.36,31.283333333333335,23.026666666666664,8.256666666666668,81.0,2
Bangalore,2014,7,Monsoon,23.364516129032257,28.551612903225806,22.599999999999998,6.025,122.89999999999999,13
Bangalore,2014,8,Monsoon,23.345161290322583,28.541935483870965,21.67096774193548,6.870967741935484,102.5,13
Bangalore,2014,9,Monsoon,23.77,29.25,20.92,8.33,319.0,12
Bangalore,2014,10,Post-Monsoon,23.283870967741933,29.02258064516129,20.570967741935487,8.451612903225806,338.9,12
Bangalore,2014,11,Post-Monsoon,21.956666666666667,28.186666666666667,18.533333333333335,9.653333333333334,25.6,3
Bangalore,2014,12,Winter,21.66774193548387,28.0,18.335483870967742,9.66451612903226,0.0,0
Bangalore,2015,1,Winter,21.38064516129032,28.35483870967742,17.106451612903225,11.248387096774193,9.1,2
Bangalore,2015,2,Winter,23.485714285714288,31.414285714285715,16.835714285714285,14.578571428571431,0.0,0
Bangalore,2015,3,Pre-Monsoon,25.96451612903226,33.358064516129026,20.26451612903226,13.093548387096776,35.8,2
Bangalore,2015,4,Pre-Monsoon,26.046666666666667,33.25,21.985714285714288,11.353571428571428,168.7,9
Bangalore,2015,5,Pre-Monsoon,25.629032258064516,32.29032258064516,21.875862068965517,10.444827586206896,178.0,8
Bangalore,2015,6,Monsoon,24.17,30.16,21.40666666666667,8.753333333333334,52.199999999999996,9
Bangalore,2015,7,Monsoon,23.864516129032257,29.79032258064516,20.70967741935484,9.080645161290322,90.0,9
Bangalore,2015,8,Monsoon,23.79032258064516,29.551612903225806,20.89032258064516,8.661290322580646,109.4,12
Bangalore,2015,9,Monsoon,23.98,30.023333333333333,20.69333333333333,9.33,184.0,10
Bangalore,2015,10,Post-Monsoon,24.470967741935485,30.541935483870965,20.362068965517242,10.210344827586209,39.3,7
Bangalore,2015,11,Post-Monsoon,21.533333333333335,26.470000000000002,19.02,7.22,158.6,11
Bangalore,2015,12,Winter,22.05806451612903,28.358064516129033,18.048387096774192,10.30967741935484,112.30000000000001,2
Bangalore,2016,1,Winter,21.683870967741935,28.503333333333334,16.50967741935484,11.99,5.3,1
Bangalore,2016,2,Winter,24.603448275862068,31.889655172413793,18.7551724137931,13.134482758620688,0.0,0
Bangalore,2016,3,Pre-Monsoon,27.358064516129033,34.333333333333336,21.65,12.683333333333334,19.299999999999997,2
Bangalore,2016,4,Pre-Monsoon,29.64333333333333,36.516666666666666,24.220000000000002,12.296666666666665,5.3999999999999995,1
Bangalore,2016,5,Pre-Monsoon,27.070967741935487,33.619354838709675,22.603333333333335,11.193333333333333,123.7,7
Bangalore,2016,6,Monsoon,23.6,29.376666666666665,20.756666666666668,8.62,173.9,18
Bangalore,2016,7,Monsoon,23.116129032258065,28.22258064516129,20.183333333333334,7.956666666666666,208.3,13
Bangalore,2016,8,Monsoon,23.419354838709676,28.596774193548388,20.24516129032258,8.351612903225808,77.8,8
Bangalore,2016,9,Monsoon,23.34,28.183333333333334,20.076666666666664,8.106666666666666,42.3,7
Bangalore,2016,10,Post-Monsoon,24.4741935483871,30.81935483870968,19.396774193548385,11.422580645161291,11.7,3
Bangalore,2016,11,Post-Monsoon,23.509999999999998,30.77,18.11,12.66,1.5,1
Bangalore,2016,12,Winter,21.503225806451614,28.52258064516129,16.625806451612902,11.896774193548387,72.9,4
Bangalore,2017,1,Winter,21.816129032258065,28.60967741935484,16.596774193548388,12.01290322580645,0.3,0
Bangalore,2017,2,Winter,23.84642857142857,31.79642857142857,17.114285714285714,14.682142857142859,0.0,0
Bangalore,2017,3,Pre-Monsoon,27.032258064516128,33.94193548387097,21.1,12.823333333333332,45.199999999999996,2
Bangalore,2017,4,Pre-Monsoon,28.416666666666668,35.89333333333333,22.853333333333335,13.04,29.299999999999997,4
Bangalore,2017,5,Pre-Monsoon,26.82903225806452,33.86451612903225,21.68064516129032,12.183870967741935,242.1,9
Bangalore,2017,6,Monsoon,24.43,29.94333333333333,20.77,9.173333333333334,41.00000000000001,4
Bangalore,2017,7,Monsoon,23.983870967741936,29.451612903225808,20.429032258064513,9.02258064516129,57.0,9
Bangalore,2017,8,Monsoon,23.74516129032258,28.90967741935484,20.716129032258067,8.193548387096774,352.0,16
Bangalore,2017,9,Monsoon,23.623333333333335,28.816666666666666,20.266666666666666,8.55,500.8,17
Bangalore,2017,10,Post-Monsoon,23.612903225806452,28.9741935483871,20.225806451612904,8.748387096774195,385.5,12
Bangalore,2017,11,Post-Monsoon,22.84,28.06,19.06,9.0,20.6,4
Bangalore,2017,12,Winter,21.529032258064515,27.63225806451613,16.94516129032258,10.687096774193549,19.6,2
Bangalore,2018,1,Winter,21.70967741935484,28.787096774193547,16.09032258064516,12.696774193548386,0.0,0
Bangalore,2018,2,Winter,23.625,31.09642857142857,17.307142857142857,13.789285714285715,3.0,2
Bangalore,2018,3,Pre-Monsoon,26.161290322580644,33.306451612903224,19.938709677419357,13.367741935483872,34.3,2
Bangalore,2018,4,Pre-Monsoon,27.05,33.73,22.1,11.63,54.4,5
Bangalore,2018,5,Pre-Monsoon,25.661290322580644,32.21935483870968,21.326666666666664,10.913333333333334,263.0,14
Bangalore,2018,6,Monsoon,23.52,28.79310344827586,20.62,8.186206896551724,50.0,11
Bangalore,2018,7,Monsoon,23.23225806451613,28.006451612903227,20.325806451612905,7.680645161290323,83.6,10
Bangalore,2018,8,Monsoon,22.748387096774195,27.683870967741935,19.983870967741936,7.699999999999999,158.3,17
Bangalore,2018,9,Monsoon,24.246666666666666,29.583333333333332,20.389655172413793,9.23793103448276,142.9,9
Bangalore,2018,10,Post-Monsoon,23.82903225806452,29.51290322580645,19.470967741935485,10.041935483870969,111.9,8
Bangalore,2018,11,Post-Monsoon,22.873333333333335,29.176666666666666,18.423333333333336,10.753333333333334,18.9,2
Bangalore,2018,12,Winter,22.30322580645161,28.60967741935484,17.741935483870968,10.86774193548387,15.700000000000001,2
Bangalore,2019,1,Winter,21.48709677419355,29.229032258064517,15.187096774193549,14.041935483870969,0.8,0
Bangalore,2019,2,Winter,24.7,31.557142857142857,18.564285714285713,12.992857142857144,0.0,0
Bangalore,2019,3,Pre-Monsoon,27.683870967741935,34.65483870967742,21.700000000000003,12.954838709677418,0.0,0
Bangalore,2019,4,Pre-Monsoon,28.41,35.406666666666666,23.183333333333334,12.223333333333334,81.9,4
Bangalore,2019,5,Pre-Monsoon,27.14516129032258,34.07741935483871,22.33225806451613,11.745161290322581,108.0,7
Bangalore,2019,6,Monsoon,25.506666666666668,31.220000000000002,21.426666666666666,9.793333333333333,83.0,8
Bangalore,2019,7,Monsoon,24.02258064516129,29.361290322580647,20.690322580645162,8.670967741935485,90.39999999999999,9
Bangalore,2019,8,Monsoon,23.019354838709678,27.938709677419357,20.383870967741935,7.554838709677419,146.20000000000002,15
Bangalore,2019,9,Monsoon,23.759999999999998,28.563333333333333,20.743333333333332,7.819999999999999,137.7,11
Bangalore,2019,10,Post-Monsoon,23.36774193548387,28.52258064516129,20.280645161290323,8.241935483870968,177.9,15
Bangalore,2019,11,Post-Monsoon,23.283333333333335,28.733333333333334,19.259999999999998,9.473333333333333,60.4,5
Bangalore,2019,12,Winter,21.5,26.9741935483871,17.835483870967742,9.138709677419355,12.5,3
Bangalore,2020,1,Winter,22.80322580645161,29.929032258064513,17.4741935483871,12.45483870967742,0.3,0
Bangalore,2020,2,Winter,24.044827586206896,31.372413793103448,17.982758620689655,13.389655172413793,0.0,0
Bangalore,2020,3,Pre-Monsoon,26.664516129032258,33.87096774193548,20.896774193548385,12.974193548387097,8.1,1
Bangalore,2020,4,Pre-Monsoon,27.276666666666664,34.309999999999995,21.8,12.51,121.1,5
Bangalore,2020,5,Pre-Monsoon,27.24516129032258,33.86129032258064,22.529032258064515,11.332258064516129,106.19999999999999,5
Bangalore,2020,6,Monsoon,24.44,30.183333333333334,20.853333333333335,9.33,118.2,10
Bangalore,2020,7,Monsoon,23.64516129032258,28.758064516129032,20.799999999999997,7.958064516129032,154.1,15
Bangalore,2020,8,Monsoon,23.403225806451612,28.148387096774194,20.46451612903226,7.683870967741935,61.2,12
Bangalore,2020,9,Monsoon,23.163333333333334,28.08,20.076666666666664,8.003333333333334,298.5,13
Bangalore,2020,10,Post-Monsoon,23.129032258064516,28.38064516129032,19.483870967741936,8.896774193548387,205.1,11
Bangalore,2020,11,Post-Monsoon,22.483333333333334,27.873333333333335,18.80666666666667,9.066666666666666,81.89999999999999,7
Bangalore,2020,12,Winter,21.17096774193548,27.05483870967742,17.34516129032258,9.709677419354838,20.5,5
Bangalore,2021,1,Winter,21.874193548387098,28.03548387096774,17.467741935483872,10.56774193548387,18.5,2
Bangalore,2021,2,Winter,22.764285714285712,29.99285714285714,16.70714285714286,13.285714285714286,11.1,3
Bangalore,2021,3,Pre-Monsoon,26.006451612903227,33.37096774193548,18.10967741935484,15.261290322580646,0.0,0
Bangalore,2021,4,Pre-Monsoon,26.68,33.50666666666667,20.75,12.756666666666666,129.1,6
Bangalore,2021,5,Pre-Monsoon,25.551612903225806,31.6,21.096774193548388,10.503225806451614,154.8,11
Bangalore,2021,6,Monsoon,24.05666666666667,29.28666666666667,20.459999999999997,8.826666666666666,108.1,13
Bangalore,2021,7,Monsoon,23.125806451612902,27.712903225806453,20.34193548387097,7.370967741935484,191.4,17
Bangalore,2021,8,Monsoon,23.419354838709676,28.241935483870968,20.216129032258067,8.025806451612903,99.5,16
Bangalore,2021,9,Monsoon,23.34,28.323333333333334,19.993333333333332,8.33,190.2,13
Bangalore,2021,10,Post-Monsoon,23.296774193548387,28.44193548387097,19.896774193548385,8.545161290322582,399.1,20
Bangalore,2021,11,Post-Monsoon,21.733333333333334,25.73,19.273333333333333,6.456666666666666,276.3,17
Bangalore,2021,12,Winter,20.967741935483872,26.76774193548387,16.5258064516129,10.241935483870968,19.2,4
Bangalore,2022,1,Winter,21.58709677419355,27.716129032258067,16.30322580645161,11.412903225806453,6.7,2
Bangalore,2022,2,Winter,22.807142857142857,29.739285714285717,16.060714285714287,13.678571428571429,0.0,0
Bangalore,2022,3,Pre-Monsoon,25.567741935483873,32.65806451612903,18.893548387096775,13.764516129032257,18.9,4
Bangalore,2022,4,Pre-Monsoon,26.78666666666667,33.82333333333334,20.259999999999998,13.563333333333334,139.6,5
Bangalore,2022,5,Pre-Monsoon,24.30322580645161,30.451612903225808,20.41290322580645,10.038709677419355,282.7,17
Bangalore,2022,6,Monsoon,23.87,29.533333333333335,20.203333333333333,9.33,230.4,16
Bangalore,2022,7,Monsoon,22.796,27.144000000000002,20.204,6.94,130.20000000000002,9
Bhubaneswar,1990,1,Winter,26.733333333333334,32.824999999999996,22.73,10.209999999999999,18.299999999999997,3
Bhubaneswar,1990,2,Winter,26.650000000000002,32.14545454545455,22.066666666666666,8.2875,62.8,4
Bhubaneswar,1990,3,Pre-Monsoon,25.916666666666668,30.50909090909091,20.98,9.255555555555555,242.79999999999998,7
Bhubaneswar,1990,4,Pre-Monsoon,26.083333333333332,31.175,22.711111111111112,9.311111111111112,114.5,3
Bhubaneswar,1990,5,Pre-Monsoon,26.425,31.7625,21.30909090909091,10.642857142857142,57.900000000000006,4
Bhubaneswar,1990,6,Monsoon,26.583333333333332,31.927272727272726,22.314285714285713,8.516666666666666,1.5,0
Bhubaneswar,1990,7,Monsoon,26.383333333333336,31.422222222222224,22.29090909090909,9.566666666666666,167.7,6
Bhubaneswar,1990,8,Monsoon,26.133333333333336,31.95,21.64,10.288888888888888,59.4,4
Bhubaneswar,1990,9,Monsoon,26.825,32.4,21.39090909090909,10.77,36.9,2
Bhubaneswar,1990,10,Post-Monsoon,26.525000000000002,32.32222222222222,21.445454545454545,10.85,5.8,1
Bhubaneswar,1990,11,Post-Monsoon,26.383333333333336,31.627272727272725,21.366666666666667,10.544444444444444,49.1,3
Bhubaneswar,1990,12,Winter,26.083333333333332,31.572727272727274,21.327272727272728,10.18,99.0,4
Bhubaneswar,1991,1,Winter,27.75,33.95454545454545,22.6,10.7,8.899999999999999,2
Bhubaneswar,1991,2,Winter,27.71666666666667,33.24166666666667,22.07,10.9,44.8,1
Bhubaneswar,1991,3,Pre-Monsoon,26.78333333333333,32.14,25.82,9.2,7.699999999999999,2
Bhubaneswar,1991,4,Pre-Monsoon,26.108333333333334,31.474999999999998,21.81,9.64,152.39999999999998,3
Bhubaneswar,1991,5,Pre-Monsoon,25.741666666666664,31.227272727272727,20.61,10.6,54.4,3
Bhubaneswar,1991,6,Monsoon,25.991666666666664,31.77,20.3,11.725,89.0,2
Bhubaneswar,1991,7,Monsoon,27.025000000000002,32.945454545454545,22.072727272727274,11.7,18.9,2
Bhubaneswar,1991,8,Monsoon,26.916666666666668,33.5,21.59090909090909,12.379999999999999,14.2,2
Bhubaneswar,1991,9,Monsoon,27.308333333333334,33.67,21.15,11.8,28.200000000000003,3
Bhubaneswar,1991,10,Post-Monsoon,26.849999999999998,33.275,22.3375,11.237499999999999,70.3,2
Bhubaneswar,1991,11,Post-Monsoon,26.525000000000002,32.42,20.990000000000002,10.675,350.1,3
Bhubaneswar,1991,12,Winter,26.90833333333333,32.15,21.44,11.525,17.5,2
Bhubaneswar,1992,1,Winter,26.641666666666666,32.32,22.4,11.3,109.39999999999999,4
Bhubaneswar,1992,2,Winter,26.84166666666667,32.53636363636363,21.0,11.255555555555555,16.6,2
Bhubaneswar,1992,3,Pre-Monsoon,26.358333333333334,31.40909090909091,21.8,10.928571428571427,25.7,1
Bhubaneswar,1992,4,Pre-Monsoon,26.291666666666668,31.271428571428572,20.772727272727273,11.283333333333333,35.099999999999994,3
Bhubaneswar,1992,5,Pre-Monsoon,26.741666666666664,32.58,20.763636363636365,12.577777777777776,90.2,4
Bhubaneswar,1992,6,Monsoon,26.474999999999998,32.93333333333333,21.97,11.3,73.7,3
Bhubaneswar,1992,7,Monsoon,27.058333333333334,33.02727272727273,21.69090909090909,11.3,72.60000000000001,2
Bhubaneswar,1992,8,Monsoon,26.125,32.23636363636364,20.945454545454545,11.64,57.1,2
Bhubaneswar,1992,9,Monsoon,26.275000000000002,31.958333333333332,21.327272727272728,10.318181818181818,26.9,3
Bhubaneswar,1992,10,Post-Monsoon,26.566666666666666,32.175000000000004,21.633333333333336,10.541666666666666,87.6,3
Bhubaneswar,1992,11,Post-Monsoon,26.558333333333334,32.61666666666667,21.8,10.709999999999999,0.0,0
Bhubaneswar,1992,12,Winter,27.025000000000002,33.11666666666667,21.1125,10.02,31.0,1
Bhubaneswar,1993,1,Winter,26.816666666666666,33.074999999999996,21.84166666666667,11.233333333333333,206.0,5
Bhubaneswar,1993,2,Winter,27.150000000000002,33.016666666666666,22.1,11.069999999999999,28.4,2
Bhubaneswar,1993,3,Pre-Monsoon,27.400000000000002,33.089999999999996,21.89090909090909,12.11111111111111,37.300000000000004,3
Bhubaneswar,1993,4,Pre-Monsoon,27.599999999999998,33.766666666666666,23.188888888888886,11.422222222222222,25.9,1
Bhubaneswar,1993,5,Pre-Monsoon,27.233333333333334,33.56,21.675,11.27,19.1,1
Bhubaneswar,1993,6,Monsoon,27.016666666666666,32.36,22.5,10.475,22.1,3
Bhubaneswar,1993,7,Monsoon,27.041666666666668,33.291666666666664,22.116666666666664,11.174999999999999,40.9,3
Bhubaneswar,1993,8,Monsoon,27.233333333333334,32.660000000000004,22.07,11.4,12.5,1
Bhubaneswar,1993,9,Monsoon,27.0,32.31,21.990909090909092,10.222222222222221,24.2,3
Bhubaneswar,1993,10,Post-Monsoon,26.833333333333332,32.96,21.25,11.3125,1.8,1
Bhubaneswar,1993,11,Post-Monsoon,26.875,33.125,22.40833333333333,10.716666666666667,37.8,3
Bhubaneswar,1993,12,Winter,27.325000000000003,34.00909090909091,21.34,12.055555555555555,6.8999999999999995,1
Bhubaneswar,1994,1,Winter,26.96666666666667,32.9,23.433333333333334,11.26,4.6,1
Bhubaneswar,1994,2,Winter,26.05,31.508333333333336,21.228571428571428,11.200000000000001,17.5,3
Bhubaneswar,1994,3,Pre-Monsoon,26.058333333333334,32.166666666666664,22.2,9.799999999999999,23.6,2
Bhubaneswar,1994,4,Pre-Monsoon,26.641666666666666,32.975,21.53,10.75,55.1,3
Bhubaneswar,1994,5,Pre-Monsoon,26.991666666666664,33.38181818181818,21.21,11.577777777777778,61.300000000000004,4
Bhubaneswar,1994,6,Monsoon,27.045454545454547,33.65555555555555,23.185714285714287,10.059999999999999,122.89999999999999,2
Bhubaneswar,1994,7,Monsoon,27.181818181818183,35.26,21.311111111111114,13.825,59.9,1
Bhubaneswar,1994,8,Monsoon,26.775000000000002,33.05,21.8625,13.185714285714287,8.200000000000001,2
Bhubaneswar,1994,9,Monsoon,26.325,32.7625,21.88888888888889,11.25,15.0,3
Bhubaneswar,1994,10,Post-Monsoon,26.866666666666664,32.71666666666667,21.066666666666666,11.277777777777779,21.799999999999997,3
Bhubaneswar,1994,11,Post-Monsoon,27.3,34.12,22.175,12.510000000000002,42.6,3
Bhubaneswar,1994,12,Winter,27.150000000000002,33.42727272727273,22.5,11.03,7.6,1
Bhubaneswar,1995,1,Winter,26.983333333333334,32.14,22.18,10.95,22.8,3
Bhubaneswar,1995,2,Winter,26.8,32.3,22.6,9.669999999999998,1.3,0
Bhubaneswar,1995,3,Pre-Monsoon,26.916666666666668,33.239999999999995,22.575,9.814285714285713,1.0,0
Bhubaneswar,1995,4,Pre-Monsoon,27.150000000000002,32.57,20.755555555555556,11.5,9.1,1
Bhubaneswar,1995,5,Pre-Monsoon,26.883333333333336,32.975,21.925,11.5625,51.9,2
Bhubaneswar,1995,6,Monsoon,27.066666666666666,32.85,22.16,10.73,3.0,1
Bhubaneswar,1995,7,Monsoon,26.90833333333333,32.108333333333334,23.01111111111111,9.488888888888887,2.0,1
Bhubaneswar,1995,8,Monsoon,26.616666666666664,32.1375,20.825,10.816666666666668,11.399999999999999,2
Bhubaneswar,1995,9,Monsoon,26.46666666666667,31.11111111111111,21.380000000000003,10.714285714285714,95.8,4
Bhubaneswar,1995,10,Post-Monsoon,26.583333333333332,31.633333333333336,21.525000000000002,10.108333333333333,180.29999999999998,5
Bhubaneswar,1995,11,Post-Monsoon,26.625,32.125,21.8,9.950000000000001,286.6,4
Bhubaneswar,1995,12,Winter,26.549999999999997,32.65,23.414285714285715,10.816666666666665,153.89999999999998,4
Bhubaneswar,1996,1,Winter,27.291666666666668,33.208333333333336,22.82,10.770000000000001,26.9,3
Bhubaneswar,1996,2,Winter,26.675,32.627272727272725,21.45,9.266666666666666,41.400000000000006,2
Bhubaneswar,1996,3,Pre-Monsoon,26.84166666666667,33.190909090909095,22.240000000000002,11.411111111111111,5.8,3
Bhubaneswar,1996,4,Pre-Monsoon,26.79090909090909,32.46363636363637,21.7125,11.3875,18.1,1
Bhubaneswar,1996,5,Pre-Monsoon,26.89090909090909,32.22222222222222,21.755555555555556,11.171428571428569,7.6,2
Bhubaneswar,1996,6,Monsoon,26.708333333333332,31.972727272727273,21.833333333333332,10.462499999999999,43.2,3
Bhubaneswar,1996,7,Monsoon,27.175,32.93636363636364,22.369999999999997,10.666666666666666,16.7,3
Bhubaneswar,1996,8,Monsoon,27.28333333333333,33.375,21.4625,11.8125,21.8,1
Bhubaneswar,1996,9,Monsoon,26.88181818181818,33.581818181818186,20.62222222222222,13.222222222222221,14.5,2
Bhubaneswar,1996,10,Post-Monsoon,27.291666666666668,33.85454545454545,21.672727272727272,11.080000000000002,1.5,1
Bhubaneswar,1996,11,Post-Monsoon,27.116666666666664,33.74166666666667,21.991666666666664,11.75,5.1,1
Bhubaneswar,1996,12,Winter,26.991666666666664,33.516666666666666,21.21,12.379999999999999,0.8,0
Bhubaneswar,1997,1,Winter,27.508333333333336,33.910000000000004,22.29,11.7125,1.0,0
Bhubaneswar,1997,2,Winter,27.28333333333333,33.28181818181818,21.95,11.419999999999998,11.5,2
Bhubaneswar,1997,3,Pre-Monsoon,26.616666666666664,33.163636363636364,21.933333333333334,10.511111111111111,3.3,1
Bhubaneswar,1997,4,Pre-Monsoon,26.3,32.611111111111114,21.563636363636363,10.6625,67.1,3
Bhubaneswar,1997,5,Pre-Monsoon,26.433333333333334,32.418181818181814,21.325,11.009090909090908,148.5,3
Bhubaneswar,1997,6,Monsoon,25.490000000000002,31.76,19.94,11.58,3.6,1
Bhubaneswar,1997,7,Monsoon,26.891666666666666,33.541666666666664,20.845454545454547,12.672727272727274,40.9,3
Bhubaneswar,1997,8,Monsoon,26.933333333333334,33.550000000000004,21.23,11.680000000000001,44.9,2
Bhubaneswar,1997,9,Monsoon,26.80909090909091,31.400000000000002,23.355555555555554,9.942857142857141,65.0,4
Bhubaneswar,1997,10,Post-Monsoon,27.09166666666667,32.86666666666667,23.18,10.23,21.0,3
Bhubaneswar,1997,11,Post-Monsoon,27.075,33.074999999999996,22.533333333333335,10.8,57.5,4
Bhubaneswar,1997,12,Winter,27.375,33.24166666666667,22.025000000000002,11.216666666666667,13.9,3
Bhubaneswar,1998,1,Winter,27.325,33.1,24.327272727272728,9.59,2.0,1
Bhubaneswar,1998,2,Winter,26.816666666666666,32.46363636363637,22.21666666666667,9.799999999999999,105.3,3
Bhubaneswar,1998,3,Pre-Monsoon,27.275000000000002,33.61818181818182,22.863636363636363,9.680000000000001,62.3,1
Bhubaneswar,1998,4,Pre-Monsoon,26.691666666666666,32.74166666666667,23.24285714285714,10.157142857142858,21.1,3
Bhubaneswar,1998,5,Pre-Monsoon,26.991666666666664,32.525,22.0375,10.387500000000001,10.9,2
Bhubaneswar,1998,6,Monsoon,26.708333333333332,32.61666666666667,22.133333333333336,10.4,24.2,1
Bhubaneswar,1998,7,Monsoon,26.258333333333336,31.599999999999998,22.51111111111111,10.566666666666666,38.9,2
Bhubaneswar,1998,8,Monsoon,26.349999999999998,31.9875,21.27,10.1,102.19999999999999,3
Bhubaneswar,1998,9,Monsoon,27.21666666666667,32.99166666666667,22.28181818181818,10.572727272727272,43.7,3
Bhubaneswar,1998,10,Post-Monsoon,26.833333333333332,34.2,20.714285714285715,10.080000000000002,2.0,1
Bhubaneswar,1998,11,Post-Monsoon,26.741666666666664,32.89,22.23,10.733333333333333,21.1,2
Bhubaneswar,1998,12,Winter,26.775000000000002,32.916666666666664,21.84,10.98,15.8,1
Bhubaneswar,1999,1,Winter,27.19090909090909,33.02222222222222,22.345454545454544,11.522222222222224,56.2,2
Bhubaneswar,1999,2,Winter,27.154545454545453,32.44,22.509999999999998,10.633333333333333,49.8,1
Bhubaneswar,1999,3,Pre-Monsoon,26.70909090909091,32.97272727272727,22.081818181818182,10.890909090909092,12.4,1
Bhubaneswar,1999,4,Pre-Monsoon,26.272727272727273,33.611111111111114,19.657142857142855,12.233333333333333,26.9,2
Bhubaneswar,1999,5,Pre-Monsoon,27.136363636363637,33.02727272727273,21.39,11.72,22.1,2
Bhubaneswar,1999,6,Monsoon,27.045454545454547,33.12727272727273,21.822222222222223,12.011111111111113,29.2,1
Bhubaneswar,1999,7,Monsoon,27.7,34.49090909090909,23.3,12.21111111111111,5.1,1
Bhubaneswar,1999,8,Monsoon,27.99090909090909,34.3375,22.2125,12.28,2.0,1
Bhubaneswar,1999,9,Monsoon,27.333333333333332,33.55833333333333,21.974999999999998,10.925,10.2,2
Bhubaneswar,1999,10,Post-Monsoon,27.172727272727272,33.0,21.5875,11.7125,5.0,2
Bhubaneswar,1999,11,Post-Monsoon,26.224999999999998,32.291666666666664,22.09,10.129999999999999,72.1,3
Bhubaneswar,1999,12,Winter,26.125,33.372727272727275,21.327272727272728,10.59,110.30000000000001,4
Bhubaneswar,2000,1,Winter,27.608333333333334,33.5,23.09090909090909,10.881818181818183,2.0,1
Bhubaneswar,2000,2,Winter,27.316666666666666,33.375,21.200000000000003,11.433333333333334,0.0,0
Bhubaneswar,2000,3,Pre-Monsoon,27.3,33.80833333333333,23.366666666666667,10.855555555555556,0.0,0
Bhubaneswar,2000,4,Pre-Monsoon,27.0,33.61666666666667,21.669999999999998,11.84,27.9,1
Bhubaneswar,2000,5,Pre-Monsoon,27.116666666666664,32.824999999999996,23.372727272727275,9.700000000000001,0.0,0
Bhubaneswar,2000,6,Monsoon,26.925,32.65555555555555,21.633333333333336,11.471428571428573,0.0,0
Bhubaneswar,2000,7,Monsoon,26.55454545454546,32.86363636363637,21.822222222222223,10.377777777777778,0.0,0
Bhubaneswar,2000,8,Monsoon,26.40909090909091,32.45,23.0125,9.485714285714284,0.5,0
Bhubaneswar,2000,9,Monsoon,26.866666666666664,33.76363636363636,21.418181818181818,12.58,0.0,0
Bhubaneswar,2000,10,Post-Monsoon,27.041666666666668,33.833333333333336,21.39,11.93,0.0,0
Bhubaneswar,2000,11,Post-Monsoon,26.78333333333333,33.925000000000004,21.130000000000003,12.690000000000001,39.9,2
Bhubaneswar,2000,12,Winter,27.150000000000002,33.54545454545455,22.227272727272727,11.74,115.0,2
Bhubaneswar,2001,1,Winter,27.44545454545454,33.88,22.875,10.785714285714286,3.0,1
Bhubaneswar,2001,2,Winter,27.075,33.36666666666667,20.1125,13.012500000000001,1.0,0
Bhubaneswar,2001,3,Pre-Monsoon,26.96666666666667,33.190909090909095,22.172727272727272,10.97,52.6,2
Bhubaneswar,2001,4,Pre-Monsoon,26.741666666666664,32.81818181818182,22.375,11.671428571428573,185.1,3
Bhubaneswar,2001,5,Pre-Monsoon,26.641666666666666,33.25833333333333,21.644444444444446,11.177777777777777,77.0,2
Bhubaneswar,2001,6,Monsoon,26.933333333333334,33.88181818181818,21.869999999999997,11.211111111111112,32.0,2
Bhubaneswar,2001,7,Monsoon,27.058333333333334,33.266666666666666,22.96,10.370000000000001,20.0,3
Bhubaneswar,2001,8,Monsoon,27.008333333333336,33.59166666666667,22.942857142857143,11.271428571428572,74.0,1
Bhubaneswar,2001,9,Monsoon,26.991666666666664,33.15833333333333,21.044444444444444,12.288888888888888,93.2,3
Bhubaneswar,2001,10,Post-Monsoon,26.808333333333334,32.61818181818182,22.599999999999998,11.466666666666667,42.0,2
Bhubaneswar,2001,11,Post-Monsoon,26.53333333333333,33.75555555555556,21.11,11.675,20.0,3
Bhubaneswar,2001,12,Winter,26.925,32.15833333333334,23.166666666666668,9.083333333333334,79.0,2
Bhubaneswar,2002,1,Winter,26.583333333333332,32.94,22.136363636363637,10.2,8.9,1
Bhubaneswar,2002,2,Winter,26.491666666666664,32.68333333333333,21.79,11.41,54.7,2
Bhubaneswar,2002,3,Pre-Monsoon,26.708333333333332,33.03333333333334,22.84,10.66,9.2,2
Bhubaneswar,2002,4,Pre-Monsoon,26.508333333333336,33.083333333333336,21.599999999999998,11.436363636363636,51.8,2
Bhubaneswar,2002,5,Pre-Monsoon,27.016666666666666,33.69166666666667,20.288888888888888,12.866666666666667,4.0,2
Bhubaneswar,2002,6,Monsoon,26.854545454545452,31.8375,21.62727272727273,12.2125,53.4,2
Bhubaneswar,2002,7,Monsoon,27.516666666666666,33.945454545454545,22.066666666666666,11.100000000000001,1.5,0
Bhubaneswar,2002,8,Monsoon,27.05,32.81666666666667,23.822222222222223,10.588888888888887,3.0,1
Bhubaneswar,2002,9,Monsoon,27.233333333333334,33.63333333333333,22.29,11.2,46.0,2
Bhubaneswar,2002,10,Post-Monsoon,27.21666666666667,35.269999999999996,23.48,11.012499999999998,12.299999999999999,3
Bhubaneswar,2002,11,Post-Monsoon,27.125,32.675000000000004,23.240000000000002,9.680000000000001,8.9,1
Bhubaneswar,2002,12,Winter,26.575,33.6,21.7,11.500000000000004,36.4,2
Bhubaneswar,2003,1,Winter,27.150000000000002,33.625,22.87777777777778,10.822222222222223,105.1,2
Bhubaneswar,2003,2,Winter,26.666666666666668,31.9,23.2,9.525,12.1,3
Bhubaneswar,2003,3,Pre-Monsoon,26.858333333333334,33.690000000000005,22.91111111111111,10.12857142857143,32.8,3
Bhubaneswar,2003,4,Pre-Monsoon,26.691666666666666,34.075,23.058333333333334,9.575000000000001,21.0,2
Bhubaneswar,2003,5,Pre-Monsoon,26.518181818181816,33.166666666666664,21.385714285714283,11.285714285714286,18.3,2
Bhubaneswar,2003,6,Monsoon,26.366666666666664,32.31,22.327272727272728,10.38888888888889,150.8,5
Bhubaneswar,2003,7,Monsoon,26.816666666666666,33.0,21.508333333333336,10.68,101.89999999999999,3
Bhubaneswar,2003,8,Monsoon,27.275000000000002,34.9875,22.566666666666666,11.3375,54.9,1
Bhubaneswar,2003,9,Monsoon,26.766666666666666,33.391666666666666,23.08888888888889,10.544444444444444,39.4,2
Bhubaneswar,2003,10,Post-Monsoon,26.708333333333332,32.69166666666667,21.766666666666666,10.5,24.400000000000002,1
Bhubaneswar,2003,11,Post-Monsoon,26.816666666666666,34.36,22.422222222222224,11.842857142857143,2.8,1
Bhubaneswar,2003,12,Winter,26.933333333333334,32.85454545454545,21.7,11.100000000000001,26.200000000000003,2
Bhubaneswar,2004,1,Winter,27.233333333333334,34.0,21.72222222222222,11.5625,1.0,0
Bhubaneswar,2004,2,Winter,26.691666666666666,32.99090909090909,21.455555555555556,11.7,0.0,0
Bhubaneswar,2004,3,Pre-Monsoon,26.391666666666666,32.08181818181818,21.333333333333332,12.35,40.400000000000006,2
Bhubaneswar,2004,4,Pre-Monsoon,25.974999999999998,32.300000000000004,21.44,11.26,73.19999999999999,2
Bhubaneswar,2004,5,Pre-Monsoon,26.166666666666668,32.34166666666667,20.09,11.67,68.0,2
Bhubaneswar,2004,6,Monsoon,26.291666666666668,32.57272727272727,21.06,9.844444444444445,53.1,3
Bhubaneswar,2004,7,Monsoon,26.427272727272726,32.154545454545456,22.657142857142855,10.485714285714286,43.9,3
Bhubaneswar,2004,8,Monsoon,26.325,32.63333333333333,20.557142857142857,11.771428571428572,11.2,2
Bhubaneswar,2004,9,Monsoon,26.691666666666666,33.30833333333333,19.72222222222222,12.97777777777778,38.1,2
Bhubaneswar,2004,10,Post-Monsoon,26.416666666666668,32.38,21.766666666666666,11.440000000000001,17.5,2
Bhubaneswar,2004,11,Post-Monsoon,26.525000000000002,32.641666666666666,21.727272727272727,10.954545454545455,48.9,3
Bhubaneswar,2004,12,Winter,26.708333333333332,33.21666666666667,21.84,11.66,1.5,0
Bhubaneswar,2005,1,Winter,26.78333333333333,32.800000000000004,22.12727272727273,10.527272727272727,41.199999999999996,1
Bhubaneswar,2005,2,Winter,26.95,32.07272727272727,22.88888888888889,10.344444444444443,46.0,4
Bhubaneswar,2005,3,Pre-Monsoon,26.900000000000002,33.372727272727275,21.325,9.35714285714286,54.4,2
Bhubaneswar,2005,4,Pre-Monsoon,27.116666666666664,33.25833333333333,22.7,11.2125,51.0,3
Bhubaneswar,2005,5,Pre-Monsoon,26.96666666666667,33.43333333333333,22.69,10.59,38.1,4
Bhubaneswar,2005,6,Monsoon,26.84166666666667,32.61666666666667,22.5,10.116666666666669,22.4,2
Bhubaneswar,2005,7,Monsoon,26.941666666666666,34.0,22.589999999999996,11.333333333333336,8.9,1
Bhubaneswar,2005,8,Monsoon,27.041666666666668,33.20909090909091,22.380000000000003,10.540000000000001,21.1,2
Bhubaneswar,2005,9,Monsoon,27.09166666666667,33.233333333333334,22.516666666666666,10.716666666666669,149.6,2
Bhubaneswar,2005,10,Post-Monsoon,27.633333333333336,33.983333333333334,22.8,10.872727272727273,83.30000000000001,2
Bhubaneswar,2005,11,Post-Monsoon,27.691666666666666,33.65,23.96,9.75,27.9,2
Bhubaneswar,2005,12,Winter,26.858333333333334,32.75833333333333,22.54,10.3,68.9,2
Bhubaneswar,2006,1,Winter,27.166666666666668,33.518181818181816,23.063636363636363,10.21,48.2,3
Bhubaneswar,2006,2,Winter,26.925,32.68181818181818,23.98,9.311111111111112,159.0,4
Bhubaneswar,2006,3,Pre-Monsoon,26.508333333333336,32.675000000000004,21.78,10.809999999999999,119.2,2
Bhubaneswar,2006,4,Pre-Monsoon,26.441666666666666,32.56363636363636,22.09090909090909,9.66,198.1,5
Bhubaneswar,2006,5,Pre-Monsoon,26.75,32.458333333333336,21.4,11.7,190.0,4
Bhubaneswar,2006,6,Monsoon,27.2,33.22727272727273,22.454545454545453,10.510000000000002,40.099999999999994,4
Bhubaneswar,2006,7,Monsoon,27.46666666666667,33.983333333333334,22.009999999999998,11.45,6.6,1
Bhubaneswar,2006,8,Monsoon,27.675,34.06666666666667,22.463636363636365,12.109090909090908,11.2,2
Bhubaneswar,2006,9,Monsoon,27.28333333333333,33.725,21.22222222222222,11.58888888888889,2.6,0
Bhubaneswar,2006,10,Post-Monsoon,27.75,33.43636363636364,22.433333333333334,11.436363636363636,44.9,2
Bhubaneswar,2006,11,Post-Monsoon,27.266666666666666,33.25833333333333,22.57,11.4,3.0,1
Bhubaneswar,2006,12,Winter,27.45,33.791666666666664,22.363636363636363,11.127272727272727,3.0,1
Bhubaneswar,2007,1,Winter,27.425,34.13333333333333,22.19,11.57,1.0,0
Bhubaneswar,2007,2,Winter,27.53333333333333,33.74166666666667,22.983333333333334,10.758333333333333,32.0,1
Bhubaneswar,2007,3,Pre-Monsoon,27.433333333333334,33.13333333333333,23.827272727272728,9.472727272727273,15.0,1
Bhubaneswar,2007,4,Pre-Monsoon,27.141666666666666,32.78333333333333,22.57,9.85,4.1,1
Bhubaneswar,2007,5,Pre-Monsoon,26.65833333333333,32.125,21.933333333333334,9.88888888888889,182.1,3
Bhubaneswar,2007,6,Monsoon,26.724999999999998,31.808333333333334,22.727272727272727,8.963636363636363,287.0,3
Bhubaneswar,2007,7,Monsoon,27.175,32.983333333333334,22.518181818181816,10.127272727272727,31.300000000000004,3
Bhubaneswar,2007,8,Monsoon,27.125,33.20909090909091,22.708333333333332,10.354545454545455,3.0,1
Bhubaneswar,2007,9,Monsoon,26.875,32.19166666666667,22.7,9.272727272727273,35.4,2
Bhubaneswar,2007,10,Post-Monsoon,27.233333333333334,32.925000000000004,23.322222222222223,10.177777777777779,0.3,0
Bhubaneswar,2007,11,Post-Monsoon,27.116666666666664,33.4,22.254545454545454,11.19,20.1,1
Bhubaneswar,2007,12,Winter,26.875,33.074999999999996,21.82,10.81,10.9,1
Bhubaneswar,2008,1,Winter,26.28333333333333,32.59090909090909,20.944444444444443,11.225,31.3,1
Bhubaneswar,2008,2,Winter,26.53333333333333,33.47272727272727,20.89,12.277777777777779,0.3,0
Bhubaneswar,2008,3,Pre-Monsoon,26.78333333333333,33.425000000000004,21.990909090909092,11.536363636363637,33.0,3
Bhubaneswar,2008,4,Pre-Monsoon,26.71666666666667,32.949999999999996,22.22,10.79,37.1,3
Bhubaneswar,2008,5,Pre-Monsoon,26.816666666666666,33.050000000000004,21.91111111111111,10.7,62.0,3
Bhubaneswar,2008,6,Monsoon,26.666666666666668,32.916666666666664,21.29,11.43,73.9,5
Bhubaneswar,2008,7,Monsoon,26.78333333333333,33.14545454545455,21.472727272727273,11.49,47.8,4
Bhubaneswar,2008,8,Monsoon,26.775000000000002,33.11666666666667,21.711111111111112,11.577777777777778,37.6,1
Bhubaneswar,2008,9,Monsoon,26.825,33.25833333333333,22.11111111111111,11.288888888888888,37.2,3
Bhubaneswar,2008,10,Post-Monsoon,26.825,32.96666666666666,21.54,10.95,108.69999999999999,4
Bhubaneswar,2008,11,Post-Monsoon,27.224999999999998,33.49166666666667,22.518181818181816,10.763636363636364,160.1,3
Bhubaneswar,2008,12,Winter,27.599999999999998,34.0,22.733333333333334,11.266666666666666,1.6,0
Bhubaneswar,2009,1,Winter,27.641666666666666,33.56363636363636,22.958333333333332,10.5,51.8,3
Bhubaneswar,2009,2,Winter,27.84166666666667,34.45454545454545,22.38888888888889,11.15,71.69999999999999,2
Bhubaneswar,2009,3,Pre-Monsoon,27.691666666666666,33.9,22.818181818181817,10.672727272727274,27.900000000000002,2
Bhubaneswar,2009,4,Pre-Monsoon,27.558333333333334,33.74166666666667,22.033333333333335,11.511111111111111,11.9,1
Bhubaneswar,2009,5,Pre-Monsoon,27.75,33.858333333333334,22.53,11.28,82.1,4
Bhubaneswar,2009,6,Monsoon,27.733333333333334,33.71818181818182,23.145454545454545,10.73,6.0,2
Bhubaneswar,2009,7,Monsoon,28.03333333333333,33.67272727272727,23.009090909090908,10.91,43.0,3
Bhubaneswar,2009,8,Monsoon,27.775000000000002,33.916666666666664,23.322222222222223,11.11111111111111,9.4,1
Bhubaneswar,2009,9,Monsoon,27.616666666666664,33.725,22.927272727272726,10.436363636363636,47.699999999999996,3
Bhubaneswar,2009,10,Post-Monsoon,27.5,33.333333333333336,23.018181818181816,10.072727272727274,38.1,1
Bhubaneswar,2009,11,Post-Monsoon,28.016666666666666,34.59166666666667,23.145454545454545,11.19090909090909,73.9,2
Bhubaneswar,2009,12,Winter,27.558333333333334,33.541666666666664,22.580000000000002,11.27,25.1,2
Bhubaneswar,2010,1,Winter,27.308333333333334,33.449999999999996,22.98888888888889,11.899999999999999,23.1,3
Bhubaneswar,2010,2,Winter,27.025000000000002,33.00909090909091,23.41818181818182,10.379999999999999,14.2,3
Bhubaneswar,2010,3,Pre-Monsoon,27.40833333333333,33.641666666666666,22.472727272727273,10.627272727272727,22.1,1
Bhubaneswar,2010,4,Pre-Monsoon,27.525000000000002,33.88333333333333,22.56,10.979999999999999,45.9,2
Bhubaneswar,2010,5,Pre-Monsoon,26.925,33.34166666666667,22.9,10.190000000000001,91.2,1
Bhubaneswar,2010,6,Monsoon,26.508333333333336,32.0,22.009090909090908,10.5,206.0,4
Bhubaneswar,2010,7,Monsoon,27.058333333333334,32.775,22.04,9.77,92.1,5
Bhubaneswar,2010,8,Monsoon,27.474999999999998,32.625,22.666666666666668,9.958333333333334,80.8,5
Bhubaneswar,2010,9,Monsoon,28.2,34.583333333333336,23.981818181818184,10.909090909090908,13.5,1
Bhubaneswar,2010,10,Post-Monsoon,28.400000000000002,34.483333333333334,24.41,10.97,5.0,2
Bhubaneswar,2010,11,Post-Monsoon,27.96666666666667,34.49166666666667,24.09,10.120000000000001,44.9,2
Bhubaneswar,2010,12,Winter,27.8,33.641666666666666,24.027272727272727,9.845454545454546,32.0,1
Bhubaneswar,2011,1,Winter,27.0,33.425000000000004,21.166666666666668,11.355555555555556,87.1,2
Bhubaneswar,2011,2,Winter,26.883333333333336,33.050000000000004,22.554545454545455,11.209090909090909,50.900000000000006,2
Bhubaneswar,2011,3,Pre-Monsoon,26.733333333333334,32.80833333333333,22.09090909090909,11.054545454545456,4.1,1
Bhubaneswar,2011,4,Pre-Monsoon,26.28333333333333,32.88333333333333,20.255555555555556,11.255555555555555,41.2,2
Bhubaneswar,2011,5,Pre-Monsoon,26.099999999999998,32.68333333333334,21.133333333333333,11.550000000000002,29.1,4
Bhubaneswar,2011,6,Monsoon,26.375,33.074999999999996,21.063636363636366,12.209090909090907,22.8,2
Bhubaneswar,2011,7,Monsoon,26.383333333333336,33.09166666666667,20.669999999999998,11.74,85.1,2
Bhubaneswar,2011,8,Monsoon,26.84166666666667,33.050000000000004,21.654545454545453,10.972727272727273,40.9,3
Bhubaneswar,2011,9,Monsoon,26.718181818181815,34.36,21.37272727272727,12.16,4.1,1
Bhubaneswar,2011,10,Post-Monsoon,27.272727272727273,34.29090909090909,21.759999999999998,12.690000000000001,13.000000000000002,1
Bhubaneswar,2011,11,Post-Monsoon,27.1,34.14545454545455,21.366666666666667,13.255555555555555,18.0,1
Bhubaneswar,2011,12,Winter,27.018181818181816,34.054545454545455,22.063636363636363,11.990909090909092,32.0,3
Bhubaneswar,2012,1,Winter,27.391666666666666,33.68333333333333,22.325,11.358333333333333,328.7,1
Bhubaneswar,2012,2,Winter,27.108333333333334,33.358333333333334,22.09090909090909,10.418181818181818,67.9,3
Bhubaneswar,2012,3,Pre-Monsoon,26.991666666666664,33.1,22.09090909090909,10.409090909090908,126.19999999999999,5
Bhubaneswar,2012,4,Pre-Monsoon,27.099999999999998,33.016666666666666,21.78181818181818,10.9,17.9,3
Bhubaneswar,2012,5,Pre-Monsoon,27.816666666666666,33.86666666666667,22.045454545454547,11.7,71.1,5
Bhubaneswar,2012,6,Monsoon,28.28333333333333,34.93333333333333,22.849999999999998,12.083333333333336,42.7,2
Bhubaneswar,2012,7,Monsoon,28.03333333333333,34.74166666666667,22.963636363636365,12.127272727272727,21.6,2
Bhubaneswar,2012,8,Monsoon,27.791666666666668,33.54545454545455,23.08888888888889,12.1375,10.9,1
Bhubaneswar,2012,9,Monsoon,27.266666666666666,33.11666666666667,23.422222222222224,10.333333333333334,12.2,3
Bhubaneswar,2012,10,Post-Monsoon,26.816666666666666,32.53333333333333,22.45,9.9,49.0,3
Bhubaneswar,2012,11,Post-Monsoon,26.808333333333334,32.34166666666667,22.59090909090909,10.709090909090909,64.3,3
Bhubaneswar,2012,12,Winter,27.008333333333336,33.18333333333333,21.79090909090909,11.172727272727274,0.0,0
Bhubaneswar,2013,1,Winter,27.349999999999998,33.40833333333333,22.6,11.75,5.6,1
Bhubaneswar,2013,2,Winter,27.066666666666666,33.13333333333333,22.358333333333334,10.774999999999999,1.3,0
Bhubaneswar,2013,3,Pre-Monsoon,27.333333333333332,34.163636363636364,22.39090909090909,11.65,35.3,2
Bhubaneswar,2013,4,Pre-Monsoon,27.366666666666664,33.9,22.527272727272727,12.090909090909092,9.9,1
Bhubaneswar,2013,5,Pre-Monsoon,27.633333333333336,34.708333333333336,22.145454545454545,12.654545454545454,9.200000000000001,1
Bhubaneswar,2013,6,Monsoon,27.616666666666664,34.375,22.308333333333334,12.066666666666668,11.4,1
Bhubaneswar,2013,7,Monsoon,27.75,34.49166666666667,21.61818181818182,13.009090909090908,52.1,4
Bhubaneswar,2013,8,Monsoon,27.066666666666666,32.791666666666664,22.044444444444444,12.022222222222224,10.4,1
Bhubaneswar,2013,9,Monsoon,26.958333333333332,34.08181818181818,21.681818181818183,11.66,12.200000000000001,1
Bhubaneswar,2013,10,Post-Monsoon,27.241666666666664,33.80833333333333,22.400000000000002,11.408333333333333,19.8,2
Bhubaneswar,2013,11,Post-Monsoon,26.866666666666664,33.358333333333334,21.64,12.489999999999998,4.6,1
Bhubaneswar,2013,12,Winter,26.400000000000002,32.516666666666666,21.422222222222224,11.477777777777778,86.8,4
Bhubaneswar,2014,1,Winter,26.625,32.69166666666667,,,170.2,2
Bhubaneswar,2014,2,Winter,26.333333333333332,32.699999999999996,19.5,11.399999999999999,24.4,3
Bhubaneswar,2014,3,Pre-Monsoon,26.2,32.19166666666667,,,31.9,3
Bhubaneswar,2014,4,Pre-Monsoon,26.308333333333334,32.88,,,101.9,4
Bhubaneswar,2014,5,Pre-Monsoon,26.691666666666666,32.71666666666667,20.2,10.200000000000001,113.3,3
Bhubaneswar,2014,6,Monsoon,27.391666666666666,33.6,,,26.2,1
Bhubaneswar,2014,7,Monsoon,27.7,33.88333333333333,,,7.1,1
Bhubaneswar,2014,8,Monsoon,27.849999999999998,34.35,17.8,18.499999999999996,0.5,0
Bhubaneswar,2014,9,Monsoon,27.825,34.154545454545456,,,10.0,1
Bhubaneswar,2014,10,Post-Monsoon,27.21666666666667,32.833333333333336,,,5.1,1
Bhubaneswar,2014,11,Post-Monsoon,27.741666666666664,33.50833333333333,22.950000000000003,12.149999999999997,33.8,3
Bhubaneswar,2014,12,Winter,27.724999999999998,34.31818181818182,,,36.1,2
Bhubaneswar,2015,1,Winter,27.375,32.916666666666664,24.633333333333333,9.9,9.6,2
Bhubaneswar,2015,2,Winter,27.491666666666664,33.575,25.5,10.05,55.9,3
Bhubaneswar,2015,3,Pre-Monsoon,27.816666666666666,34.583333333333336,24.75,10.8125,4.699999999999999,1
Bhubaneswar,2015,4,Pre-Monsoon,28.15833333333333,34.30833333333333,24.575,10.3625,39.2,2
Bhubaneswar,2015,5,Pre-Monsoon,27.983333333333334,33.925000000000004,23.928571428571427,10.757142857142858,2.3,1
Bhubaneswar,2015,6,Monsoon,27.583333333333332,34.175000000000004,24.483333333333334,10.266666666666666,6.1,1
Bhubaneswar,2015,7,Monsoon,27.224999999999998,33.35,23.8,10.3875,10.9,1
Bhubaneswar,2015,8,Monsoon,27.358333333333334,33.65,23.22222222222222,10.700000000000001,0.5,0
Bhubaneswar,2015,9,Monsoon,27.599999999999998,33.833333333333336,23.766666666666666,11.450000000000001,1.0,0
Bhubaneswar,2015,10,Post-Monsoon,28.016666666666666,34.24166666666667,24.3875,10.649999999999999,0.0,0
Bhubaneswar,2015,11,Post-Monsoon,27.366666666666664,33.69,23.266666666666666,9.52,0.0,0
Bhubaneswar,2015,12,Winter,26.958333333333332,32.975,23.15,10.1875,35.0,2
Bhubaneswar,2016,1,Winter,27.950000000000003,34.14545454545455,23.425,10.863636363636363,24.1,2
Bhubaneswar,2016,2,Winter,27.974999999999998,33.775,24.127272727272725,9.3875,75.0,5
Bhubaneswar,2016,3,Pre-Monsoon,27.474999999999998,33.0875,23.509999999999998,9.2625,104.1,3
Bhubaneswar,2016,4,Pre-Monsoon,26.991666666666664,31.82,23.45,8.45,117.8,4
Bhubaneswar,2016,5,Pre-Monsoon,26.983333333333334,32.355555555555554,23.3,9.355555555555556,96.0,5
Bhubaneswar,2016,6,Monsoon,27.058333333333334,32.05555555555556,23.125,9.288888888888888,12.5,2
Bhubaneswar,2016,7,Monsoon,26.90833333333333,31.61111111111111,22.525000000000002,9.077777777777778,21.9,3
Bhubaneswar,2016,8,Monsoon,26.825,32.4875,21.972727272727273,11.15,82.1,3
Bhubaneswar,2016,9,Monsoon,27.241666666666664,33.725,22.491666666666664,12.7125,33.8,4
Bhubaneswar,2016,10,Post-Monsoon,27.416666666666668,31.744444444444444,22.683333333333334,9.544444444444444,29.9,3
Bhubaneswar,2016,11,Post-Monsoon,27.775000000000002,32.67777777777778,23.233333333333334,9.966666666666667,17.8,2
Bhubaneswar,2016,12,Winter,28.391666666666666,33.9,23.545454545454547,10.712499999999999,7.1,1
Bhubaneswar,2017,1,Winter,27.183333333333334,33.64,23.7,9.31,166.1,3
Bhubaneswar,2017,2,Winter,26.95,32.25,23.058333333333334,9.191666666666666,68.19999999999999,1
Bhubaneswar,2017,3,Pre-Monsoon,27.133333333333336,33.839999999999996,23.018181818181816,9.8,10.9,2
Bhubaneswar,2017,4,Pre-Monsoon,27.166666666666668,33.28333333333333,22.53333333333333,10.75,8.899999999999999,2
Bhubaneswar,2017,5,Pre-Monsoon,26.991666666666664,32.800000000000004,22.558333333333334,9.590909090909092,13.0,2
Bhubaneswar,2017,6,Monsoon,27.125,32.71666666666667,22.816666666666666,9.9,25.9,3
Bhubaneswar,2017,7,Monsoon,27.275000000000002,33.016666666666666,21.825,11.191666666666668,29.3,1
Bhubaneswar,2017,8,Monsoon,26.833333333333332,31.563636363636363,22.666666666666668,9.354545454545455,70.9,3
Bhubaneswar,2017,9,Monsoon,27.008333333333336,33.42,22.766666666666666,9.7,57.5,4
Bhubaneswar,2017,10,Post-Monsoon,27.383333333333336,33.21666666666667,23.349999999999998,9.866666666666667,58.3,3
Bhubaneswar,2017,11,Post-Monsoon,27.5,32.71111111111111,23.075,9.722222222222221,93.0,4
Bhubaneswar,2017,12,Winter,27.316666666666666,33.53333333333333,23.150000000000002,10.383333333333335,4.3,1
Bhubaneswar,2018,1,Winter,26.566666666666666,31.639999999999997,21.46666666666667,10.9,122.9,3
Bhubaneswar,2018,2,Winter,26.608333333333334,32.675,21.919999999999998,10.9375,15.2,3
Bhubaneswar,2018,3,Pre-Monsoon,27.03333333333333,32.980000000000004,21.333333333333332,12.45,9.1,3
Bhubaneswar,2018,4,Pre-Monsoon,27.141666666666666,33.345454545454544,21.71666666666667,11.98181818181818,0.6,0
Bhubaneswar,2018,5,Pre-Monsoon,27.025000000000002,32.663636363636364,21.099999999999998,11.563636363636364,21.0,3
Bhubaneswar,2018,6,Monsoon,26.883333333333336,33.355555555555554,21.981818181818184,10.422222222222224,106.2,2
Bhubaneswar,2018,7,Monsoon,26.75,31.74285714285714,22.07,10.971428571428573,198.1,3
Bhubaneswar,2018,8,Monsoon,26.90833333333333,32.660000000000004,22.099999999999998,10.98,26.2,3
Bhubaneswar,2018,9,Monsoon,26.875,32.4,22.133333333333336,10.370000000000001,0.5,0
Bhubaneswar,2018,10,Post-Monsoon,26.633333333333336,32.980000000000004,21.866666666666664,10.38,15.9,4
Bhubaneswar,2018,11,Post-Monsoon,26.65833333333333,32.38181818181818,22.463636363636365,9.918181818181818,114.3,5
Bhubaneswar,2018,12,Winter,26.46666666666667,31.61818181818182,21.60909090909091,10.009090909090908,99.0,2
Bhubaneswar,2019,1,Winter,26.224999999999998,31.345454545454547,21.325,10.345454545454546,59.5,3
Bhubaneswar,2019,2,Winter,25.916666666666668,31.5,21.34166666666667,9.459999999999999,73.1,2
Bhubaneswar,2019,3,Pre-Monsoon,26.09166666666667,31.7,20.88181818181818,11.01,113.3,3
Bhubaneswar,2019,4,Pre-Monsoon,26.866666666666664,31.866666666666667,21.666666666666668,10.433333333333332,176.9,3
Bhubaneswar,2019,5,Pre-Monsoon,26.816666666666666,30.9,21.816666666666666,9.475,17.6,2
Bhubaneswar,2019,6,Monsoon,26.508333333333336,30.76,20.32,10.440000000000001,84.6,4
Bhubaneswar,2019,7,Monsoon,26.625,31.080000000000002,21.666666666666668,10.0,73.19999999999999,2
Bhubaneswar,2019,8,Monsoon,26.59166666666667,31.400000000000002,22.575,8.825000000000001,14.8,1
Bhubaneswar,2019,9,Monsoon,27.2,32.43333333333333,22.474999999999998,9.958333333333334,51.900000000000006,3
Bhubaneswar,2019,10,Post-Monsoon,27.21666666666667,32.58181818181818,23.318181818181817,9.263636363636364,24.1,2
Bhubaneswar,2019,11,Post-Monsoon,27.224999999999998,32.766666666666666,22.741666666666664,10.025,23.8,3
Bhubaneswar,2019,12,Winter,27.125,32.833333333333336,22.125,10.708333333333334,63.0,2
Bhubaneswar,2020,1,Winter,26.666666666666668,31.660000000000004,21.650000000000002,10.129999999999999,33.0,1
Bhubaneswar,2020,2,Winter,27.191666666666666,32.36666666666667,22.2,10.166666666666666,19.8,3
Bhubaneswar,2020,3,Pre-Monsoon,26.78333333333333,31.672727272727272,22.866666666666664,9.209090909090909,4.0,2
Bhubaneswar,2020,4,Pre-Monsoon,26.25,30.41818181818182,22.37272727272727,8.045454545454545,55.8,2
Bhubaneswar,2020,5,Pre-Monsoon,26.3,30.380000000000003,22.218181818181815,8.530000000000001,185.2,4
Bhubaneswar,2020,6,Monsoon,26.566666666666666,31.3,22.325,8.975,47.5,5
Bhubaneswar,2020,7,Monsoon,26.483333333333334,31.71666666666667,22.316666666666666,9.4,2.1,0
Bhubaneswar,2020,8,Monsoon,26.116666666666664,31.599999999999998,21.958333333333332,9.641666666666667,41.9,3
Bhubaneswar,2020,9,Monsoon,26.833333333333332,31.94545454545454,21.224999999999998,11.063636363636363,20.1,3
Bhubaneswar,2020,10,Post-Monsoon,27.041666666666668,32.233333333333334,22.525000000000002,9.708333333333334,1.0,0
Bhubaneswar,2020,11,Post-Monsoon,26.758333333333336,31.45,21.983333333333334,9.719999999999999,15.0,2
Bhubaneswar,2020,12,Winter,26.90833333333333,32.163636363636364,22.391666666666666,10.163636363636364,11.9,1
Bhubaneswar,2021,1,Winter,26.974999999999998,33.56666666666667,22.241666666666664,11.324999999999998,7.5,2
Bhubaneswar,2021,2,Winter,26.758333333333336,33.11666666666667,22.266666666666666,10.85,100.2,5
Bhubaneswar,2021,3,Pre-Monsoon,27.016666666666666,32.583333333333336,22.09166666666667,10.491666666666667,17.099999999999998,5
Bhubaneswar,2021,4,Pre-Monsoon,26.866666666666664,32.61666666666667,22.666666666666668,9.95,36.0,6
Bhubaneswar,2021,5,Pre-Monsoon,27.175,32.891666666666666,22.55,10.341666666666667,69.7,5
Bhubaneswar,2021,6,Monsoon,27.65833333333333,33.81666666666667,22.875,10.941666666666668,43.800000000000004,4
Bhubaneswar,2021,7,Monsoon,27.349999999999998,33.53333333333333,22.891666666666666,10.641666666666666,10.6,1
Bhubaneswar,2021,8,Monsoon,26.900000000000002,33.016666666666666,22.741666666666664,10.274999999999999,36.4,3
Bhubaneswar,2021,9,Monsoon,26.8,32.449999999999996,22.150000000000002,10.299999999999999,9.399999999999999,3
Bhubaneswar,2021,10,Post-Monsoon,27.400000000000002,33.03333333333333,22.291666666666668,10.741666666666667,71.4,4
Bhubaneswar,2021,11,Post-Monsoon,27.224999999999998,33.06666666666667,23.416666666666668,9.65,55.4,2
Bhubaneswar,2021,12,Winter,27.291666666666668,32.483333333333334,23.491666666666664,8.991666666666667,118.30000000000001,6
Bhubaneswar,2022,1,Winter,27.5,32.55555555555556,23.700000000000003,8.855555555555554,14.5,3
Bhubaneswar,2022,2,Winter,27.644444444444442,32.900000000000006,23.37777777777778,9.522222222222222,17.0,2
Bhubaneswar,2022,3,Pre-Monsoon,27.555555555555557,33.233333333333334,23.299999999999997,9.933333333333334,23.299999999999997,3
Bhubaneswar,2022,4,Pre-Monsoon,27.177777777777777,32.68888888888889,23.144444444444446,9.544444444444444,45.2,4
Bhubaneswar,2022,5,Pre-Monsoon,26.075,31.425,21.8125,9.6125,94.1,4
Bhubaneswar,2022,6,Monsoon,26.125,31.925,21.1,10.825,107.5,3
Bhubaneswar,2022,7,Monsoon,26.825,32.65,22.7125,9.9375,32.4,2
Bhubaneswar,2022,8,Monsoon,27.15,33.175,22.9625,10.212499999999999,43.900000000000006,2
Bhubaneswar,2022,9,Monsoon,27.0,32.4875,23.225,9.2625,87.80000000000001,2
Bhubaneswar,2022,10,Post-Monsoon,26.974999999999998,31.8625,23.1375,8.725,19.2,4
Bhubaneswar,2022,11,Post-Monsoon,26.8125,31.575,23.2875,8.2875,60.1,2
Bhubaneswar,2022,12,Winter,26.775,31.55,23.1625,8.387500000000001,28.0,4
Chennai,1990,1,Winter,24.20967741935484,29.653333333333332,19.6,10.273076923076925,19.5,1
Chennai,1990,2,Winter,26.82857142857143,32.108695652173914,22.868000000000002,9.152173913043478,36.3,2
Chennai,1990,3,Pre-Monsoon,28.661290322580644,33.800000000000004,24.708333333333332,9.0375,7.1,1
Chennai,1990,4,Pre-Monsoon,30.383333333333333,36.318518518518516,26.346153846153847,9.704347826086956,0.0,0
Chennai,1990,5,Pre-Monsoon,29.846153846153847,35.21363636363637,26.447058823529414,9.021428571428572,178.2,7
Chennai,1990,6,Monsoon,30.9,36.93076923076923,27.014999999999997,10.05,8.8,1
Chennai,1990,7,Monsoon,29.483870967741936,35.67142857142857,25.61818181818182,10.168421052631578,52.4,6
Chennai,1990,8,Monsoon,29.5258064516129,35.06428571428571,25.87391304347826,9.119047619047619,79.9,9
Chennai,1990,9,Monsoon,28.933333333333334,34.522222222222226,25.13913043478261,9.457142857142857,106.8,7
Chennai,1990,10,Post-Monsoon,27.419354838709676,31.05666666666667,24.70689655172414,6.432142857142857,460.70000000000005,16
Chennai,1990,11,Post-Monsoon,26.36785714285714,30.147999999999996,23.11818181818182,7.29047619047619,195.7,8
Chennai,1990,12,Winter,25.4,28.944827586206895,21.69090909090909,7.428571428571429,15.5,4
Chennai,1991,1,Winter,25.07741935483871,29.68,21.355555555555558,8.26923076923077,16.8,1
Chennai,1991,2,Winter,26.364285714285717,31.823076923076922,21.821428571428573,10.011538461538462,1.3,1
Chennai,1991,3,Pre-Monsoon,28.238709677419354,33.78666666666667,23.65357142857143,10.15925925925926,6.1,1
Chennai,1991,4,Pre-Monsoon,30.790000000000003,36.23103448275862,26.425,9.866666666666665,0.0,0
Chennai,1991,5,Pre-Monsoon,32.10333333333333,37.934615384615384,28.19047619047619,9.827777777777778,11.2,2
Chennai,1991,6,Monsoon,29.8,35.15555555555556,26.45,9.025,179.5,9
Chennai,1991,7,Monsoon,30.23225806451613,35.08461538461539,26.517391304347825,8.811111111111112,218.50000000000003,6
Chennai,1991,8,Monsoon,29.335483870967742,34.544444444444444,25.47,8.738888888888889,109.5,7
Chennai,1991,9,Monsoon,29.34333333333333,34.868,25.40833333333333,9.610526315789475,119.19999999999999,4
Chennai,1991,10,Post-Monsoon,27.970967741935485,32.564,24.547826086956523,7.866666666666666,115.0,7
Chennai,1991,11,Post-Monsoon,25.69333333333333,29.49259259259259,22.770833333333332,6.9142857142857155,398.5,11
Chennai,1991,12,Winter,24.95483870967742,29.04615384615385,21.48076923076923,7.652380952380952,2.1,1
Chennai,1992,1,Winter,23.738709677419354,28.835714285714285,19.67391304347826,9.123809523809523,43.8,3
Chennai,1992,2,Winter,26.089655172413792,31.668000000000003,21.92,9.914285714285715,0.0,0
Chennai,1992,3,Pre-Monsoon,27.151724137931033,34.34615384615385,20.473333333333336,14.200000000000001,106.9,1
Chennai,1992,4,Pre-Monsoon,29.66896551724138,35.625,25.627272727272725,10.19047619047619,0.0,0
Chennai,1992,5,Pre-Monsoon,31.238709677419354,38.132000000000005,27.186956521739127,10.816666666666668,18.5,1
Chennai,1992,6,Monsoon,31.756666666666668,37.337037037037035,27.745833333333334,9.872727272727273,1.8,1
Chennai,1992,7,Monsoon,30.44193548387097,36.341379310344834,26.571428571428573,9.857894736842105,73.9,6
Chennai,1992,8,Monsoon,29.051612903225806,34.74444444444445,25.40416666666667,9.366666666666667,102.4,9
Chennai,1992,9,Monsoon,29.096666666666668,34.928000000000004,25.379166666666666,9.528571428571428,44.8,6
Chennai,1992,10,Post-Monsoon,27.638709677419353,32.7037037037037,24.074074074074073,8.552173913043479,90.7,6
Chennai,1992,11,Post-Monsoon,26.05666666666667,29.833333333333332,23.257142857142856,6.927777777777778,424.59999999999997,14
Chennai,1992,12,Winter,24.25714285714286,28.58076923076923,20.714285714285715,7.610526315789474,145.5,5
Chennai,1993,1,Winter,23.94516129032258,29.907142857142855,19.7625,10.200000000000001,0.0,0
Chennai,1993,2,Winter,25.489285714285717,31.8,20.85909090909091,10.804761904761905,0.8,0
Chennai,1993,3,Pre-Monsoon,28.13225806451613,34.36896551724138,23.95,10.33448275862069,0.0,0
Chennai,1993,4,Pre-Monsoon,29.816666666666666,35.81785714285714,24.92142857142857,11.057692307692308,0.0,0
Chennai,1993,5,Pre-Monsoon,31.309677419354838,37.55555555555556,27.124000000000002,10.242857142857144,19.3,1
Chennai,1993,6,Monsoon,30.96333333333333,37.07,26.76521739130435,10.234782608695653,70.7,4
Chennai,1993,7,Monsoon,30.36774193548387,35.92962962962963,26.144000000000002,9.627272727272727,92.1,10
Chennai,1993,8,Monsoon,29.24516129032258,34.70666666666667,24.861904761904764,10.125,225.4,15
Chennai,1993,9,Monsoon,28.94333333333333,34.317241379310346,24.925925925925927,9.326923076923077,57.5,5
Chennai,1993,10,Post-Monsoon,27.225806451612904,31.131999999999998,24.1125,6.9789473684210535,508.59999999999997,15
Chennai,1993,11,Post-Monsoon,25.986666666666668,30.09166666666667,23.073913043478264,7.005,452.7,15
Chennai,1993,12,Winter,24.706666666666667,28.24230769230769,21.62608695652174,6.470000000000001,244.5,9
Chennai,1994,1,Winter,24.66774193548387,29.65,21.061904761904763,8.744444444444445,0.8,0
Chennai,1994,2,Winter,26.014285714285712,31.015384615384615,22.391666666666666,8.647826086956522,26.2,2
Chennai,1994,3,Pre-Monsoon,27.770967741935483,34.06666666666667,23.213043478260868,10.795,50.0,1
Chennai,1994,4,Pre-Monsoon,30.34,36.08620689655172,26.17142857142857,9.84074074074074,1.0,0
Chennai,1994,5,Pre-Monsoon,31.83103448275862,38.46296296296296,28.092307692307692,10.408333333333333,54.6,1
Chennai,1994,6,Monsoon,31.596666666666668,37.834482758620695,27.433333333333334,9.973333333333333,46.6,2
Chennai,1994,7,Monsoon,29.822580645161292,35.10666666666667,26.162499999999998,8.782608695652174,47.0,3
Chennai,1994,8,Monsoon,29.186666666666667,34.503846153846155,25.045454545454547,9.721052631578948,157.6,11
Chennai,1994,9,Monsoon,29.663333333333334,35.27407407407407,25.477272727272727,9.675,30.8,2
Chennai,1994,10,Post-Monsoon,27.5,31.9,24.474999999999998,7.514285714285715,352.6,8
Chennai,1994,11,Post-Monsoon,25.209999999999997,28.92142857142857,22.6,6.320833333333333,487.2,18
Chennai,1994,12,Winter,24.17096774193548,28.417857142857144,20.488000000000003,8.25909090909091,218.0,5
Chennai,1995,1,Winter,24.216129032258067,28.45483870967742,20.988000000000003,7.66,114.5,7
Chennai,1995,2,Winter,26.067857142857143,31.375,22.143478260869564,9.221739130434784,0.0,0
Chennai,1995,3,Pre-Monsoon,27.823333333333334,33.199999999999996,23.616666666666664,9.604347826086956,11.7,1
Chennai,1995,4,Pre-Monsoon,30.103333333333335,35.05714285714286,26.014285714285712,9.188461538461537,0.0,0
Chennai,1995,5,Pre-Monsoon,30.361290322580647,35.380645161290325,26.796296296296298,8.45925925925926,251.6,6
Chennai,1995,6,Monsoon,31.86551724137931,38.01428571428572,27.743478260869566,10.556521739130435,3.5,1
Chennai,1995,7,Monsoon,29.758064516129032,34.699999999999996,25.925,8.213636363636365,143.1,8
Chennai,1995,8,Monsoon,29.009677419354837,34.237931034482756,25.03,8.955555555555556,311.5,14
Chennai,1995,9,Monsoon,29.05666666666667,34.47931034482759,25.214285714285715,9.1,186.7,7
Chennai,1995,10,Post-Monsoon,27.75483870967742,32.46333333333333,24.432142857142857,7.962962962962963,187.9,16
Chennai,1995,11,Post-Monsoon,26.723333333333336,31.04137931034483,23.388461538461538,7.672000000000001,216.4,8
Chennai,1995,12,Winter,24.86774193548387,29.336666666666666,20.75925925925926,8.553846153846154,34.4,6
Chennai,1996,1,Winter,24.770967741935483,29.775000000000002,20.517857142857142,9.257692307692308,0.0,0
Chennai,1996,2,Winter,26.20689655172414,30.960869565217394,21.422727272727272,9.277777777777779,0.0,0
Chennai,1996,3,Pre-Monsoon,27.59032258064516,33.912000000000006,22.313043478260873,10.936842105263159,0.0,0
Chennai,1996,4,Pre-Monsoon,30.18,34.800000000000004,25.9375,8.9,29.2,4
Chennai,1996,5,Pre-Monsoon,32.093548387096774,40.44444444444444,27.68,12.633333333333333,21.6,1
Chennai,1996,6,Monsoon,30.073333333333334,36.26923076923077,25.575,9.85,498.40000000000003,5
Chennai,1996,7,Monsoon,29.690322580645162,34.32142857142857,25.814285714285717,8.433333333333334,72.9,6
Chennai,1996,8,Monsoon,29.81935483870968,34.436,25.642105263157895,8.0,62.4,6
Chennai,1996,9,Monsoon,28.5,33.696296296296296,24.6,9.13684210526316,120.6,8
Chennai,1996,10,Post-Monsoon,27.383333333333333,32.0,24.384999999999998,7.700000000000001,335.7,13
Chennai,1996,11,Post-Monsoon,26.3,30.696153846153848,22.835,7.533333333333333,349.7,10
Chennai,1996,12,Winter,24.738709677419354,28.31153846153846,21.068181818181817,7.305555555555555,373.7,10
Chennai,1997,1,Winter,24.393548387096775,28.925,20.331818181818182,8.444444444444445,21.4,4
Chennai,1997,2,Winter,25.575,31.74230769230769,20.457894736842103,11.223529411764705,0.0,0
Chennai,1997,3,Pre-Monsoon,28.103225806451615,34.75185185185185,23.585,11.133333333333333,0.0,0
Chennai,1997,4,Pre-Monsoon,29.623333333333335,34.94074074074074,25.27391304347826,9.633333333333335,20.4,2
Chennai,1997,5,Pre-Monsoon,31.519354838709678,38.66451612903226,27.354166666666668,11.591666666666667,0.0,0
Chennai,1997,6,Monsoon,31.716666666666665,38.12068965517241,26.89375,11.112499999999999,48.0,3
Chennai,1997,7,Monsoon,31.151612903225807,37.15384615384615,26.192857142857143,10.453846153846154,28.7,6
Chennai,1997,8,Monsoon,30.793548387096774,36.38333333333333,26.031818181818185,10.011111111111113,53.900000000000006,7
Chennai,1997,9,Monsoon,29.266666666666666,34.475,25.09,9.244444444444445,74.2,11
Chennai,1997,10,Post-Monsoon,27.79032258064516,32.35862068965517,24.421739130434784,8.35,184.5,10
Chennai,1997,11,Post-Monsoon,26.0,29.185714285714287,23.660869565217393,5.757142857142857,789.9,17
Chennai,1997,12,Winter,26.383870967741935,30.069230769230767,23.552,6.715000000000001,353.6,13
Chennai,1998,1,Winter,26.403225806451612,31.318181818181817,22.148000000000003,9.200000000000001,0.0,0
Chennai,1998,2,Winter,27.389285714285712,33.2125,22.95625,10.484615384615385,0.0,0
Chennai,1998,3,Pre-Monsoon,28.77741935483871,34.396153846153844,24.334615384615386,10.045454545454545,0.0,0
Chennai,1998,4,Pre-Monsoon,30.226666666666667,36.02142857142857,25.905882352941177,10.352941176470589,0.0,0
Chennai,1998,5,Pre-Monsoon,32.329032258064515,38.270370370370365,28.16111111111111,10.125000000000002,33.0,3
Chennai,1998,6,Monsoon,32.513333333333335,38.943333333333335,27.481818181818184,10.863636363636363,18.8,4
Chennai,1998,7,Monsoon,30.358064516129033,36.0551724137931,26.455555555555556,9.04375,88.9,7
Chennai,1998,8,Monsoon,29.209999999999997,33.86666666666667,25.52608695652174,8.325,107.8,10
Chennai,1998,9,Monsoon,29.64333333333333,34.74,25.74,9.204761904761906,59.8,8
Chennai,1998,10,Post-Monsoon,27.419354838709676,31.845161290322583,24.25294117647059,6.9941176470588236,101.1,13
Chennai,1998,11,Post-Monsoon,26.683333333333334,30.792857142857144,23.628571428571426,7.175,414.0,10
Chennai,1998,12,Winter,25.154838709677417,29.34583333333333,21.154545454545453,8.15263157894737,273.0,6
Chennai,1999,1,Winter,24.716666666666665,29.96666666666667,19.629166666666666,10.314285714285713,5.8999999999999995,1
Chennai,1999,2,Winter,26.25,31.651999999999997,22.23913043478261,9.5,0.0,0
Chennai,1999,3,Pre-Monsoon,28.29032258064516,35.02758620689655,23.257142857142856,11.719999999999999,0.0,0
Chennai,1999,4,Pre-Monsoon,30.503333333333334,36.637499999999996,26.1,10.178947368421051,89.9,2
Chennai,1999,5,Pre-Monsoon,31.32903225806452,36.81428571428571,26.86842105263158,10.133333333333333,0.5,0
Chennai,1999,6,Monsoon,31.17,36.854166666666664,26.486363636363638,10.3625,102.4,6
Chennai,1999,7,Monsoon,30.98709677419355,35.80588235294118,26.755555555555556,8.5125,27.4,3
Chennai,1999,8,Monsoon,29.461290322580645,34.7875,25.48,9.175,159.1,6
Chennai,1999,9,Monsoon,29.529999999999998,35.126315789473686,25.421739130434784,9.5,105.70000000000002,6
Chennai,1999,10,Post-Monsoon,28.0258064516129,31.82608695652174,24.75,6.915789473684211,325.5,12
Chennai,1999,11,Post-Monsoon,26.46333333333333,30.781818181818185,22.721052631578946,7.900000000000001,136.2,7
Chennai,1999,12,Winter,24.725806451612904,28.922727272727272,21.076190476190476,7.85625,77.7,3
Chennai,2000,1,Winter,26.338709677419356,30.18,20.86896551724138,9.7,0.5,0
Chennai,2000,2,Winter,27.089655172413792,30.30909090909091,22.728,8.7875,205.5,4
Chennai,2000,3,Pre-Monsoon,27.72258064516129,33.15555555555556,23.200000000000003,10.154545454545454,0.8,0
Chennai,2000,4,Pre-Monsoon,30.523333333333333,35.84705882352941,26.610714285714288,9.893333333333333,12.200000000000001,1
Chennai,2000,5,Pre-Monsoon,31.76451612903226,38.64,27.29047619047619,11.65,7.699999999999999,1
Chennai,2000,6,Monsoon,30.323333333333334,36.339285714285715,26.66875,9.735714285714284,59.7,2
Chennai,2000,7,Monsoon,29.551612903225806,34.73461538461539,25.26666666666667,9.277777777777779,124.3,9
Chennai,2000,8,Monsoon,28.812903225806455,33.943333333333335,25.065,9.026315789473685,47.0,8
Chennai,2000,9,Monsoon,28.873333333333335,34.73461538461539,25.05714285714286,9.810526315789474,147.6,12
Chennai,2000,10,Post-Monsoon,27.32903225806452,32.75806451612903,23.542307692307695,9.242307692307692,268.6,7
Chennai,2000,11,Post-Monsoon,26.56,30.771428571428572,23.117391304347827,7.680952380952381,121.69999999999999,10
Chennai,2000,12,Winter,24.958064516129035,29.335714285714285,20.42608695652174,9.052380952380952,47.6,6
Chennai,2001,1,Winter,25.358064516129033,30.155172413793103,21.126923076923074,9.0875,0.5,0
Chennai,2001,2,Winter,26.660714285714285,33.29615384615385,21.608695652173914,12.004761904761907,0.0,0
Chennai,2001,3,Pre-Monsoon,28.57741935483871,35.16206896551724,24.05925925925926,11.08,0.0,0
Chennai,2001,4,Pre-Monsoon,29.5,34.925925925925924,25.485185185185188,9.376923076923076,98.8,5
Chennai,2001,5,Pre-Monsoon,32.39677419354839,39.70333333333333,27.472727272727273,12.40952380952381,5.6,2
Chennai,2001,6,Monsoon,30.97666666666667,37.248275862068965,27.08823529411765,10.076470588235296,21.3,4
Chennai,2001,7,Monsoon,30.625806451612902,36.93793103448276,26.55652173913043,10.554545454545455,177.2,10
Chennai,2001,8,Monsoon,29.809677419354838,35.19285714285714,26.341176470588238,9.257142857142858,27.7,3
Chennai,2001,9,Monsoon,29.009999999999998,34.669230769230765,25.006666666666668,9.450000000000001,143.5,7
Chennai,2001,10,Post-Monsoon,27.635483870967743,32.642857142857146,24.527272727272727,8.14,394.5,11
Chennai,2001,11,Post-Monsoon,26.153333333333332,30.284615384615385,23.496296296296297,6.943478260869566,243.3,15
Chennai,2001,12,Winter,24.612903225806452,28.776,20.963636363636365,7.847368421052631,243.7,9
Chennai,2002,1,Winter,25.006451612903227,29.837931034482757,20.969565217391306,8.742857142857144,91.4,6
Chennai,2002,2,Winter,25.967857142857145,30.904347826086955,21.347368421052632,9.533333333333333,1.8,0
Chennai,2002,3,Pre-Monsoon,28.103225806451615,33.92,23.454166666666666,10.334782608695653,0.0,0
Chennai,2002,4,Pre-Monsoon,29.90666666666667,36.02068965517241,26.38,9.591666666666667,0.0,0
Chennai,2002,5,Pre-Monsoon,32.274193548387096,39.210344827586205,28.01904761904762,11.236842105263158,0.0,0
Chennai,2002,6,Monsoon,31.40666666666667,37.12592592592593,27.38181818181818,10.076190476190476,5.3,1
Chennai,2002,7,Monsoon,31.53548387096774,37.38709677419355,27.055,10.370000000000001,20.5,3
Chennai,2002,8,Monsoon,29.858064516129033,35.37241379310345,25.57,9.710526315789474,155.8,12
Chennai,2002,9,Monsoon,29.57,35.878571428571426,25.542105263157897,10.333333333333334,118.9,3
Chennai,2002,10,Post-Monsoon,27.470000000000002,31.83703703703704,24.330000000000002,6.666666666666666,336.7,11
Chennai,2002,11,Post-Monsoon,25.759999999999998,29.73333333333333,22.58095238095238,7.138888888888889,443.2,9
Chennai,2002,12,Winter,24.92258064516129,29.63703703703704,20.50740740740741,9.325000000000001,0.0,0
Chennai,2003,1,Winter,25.206666666666667,29.951999999999998,20.489285714285717,9.439130434782609,1.0,0
Chennai,2003,2,Winter,26.675,31.73076923076923,22.348000000000003,9.430434782608696,0.0,0
Chennai,2003,3,Pre-Monsoon,28.12258064516129,33.682758620689654,23.514814814814812,10.136000000000001,15.0,1
Chennai,2003,4,Pre-Monsoon,30.37,35.72068965517241,26.055555555555557,9.607692307692307,0.0,0
Chennai,2003,5,Pre-Monsoon,32.67741935483871,39.52222222222222,28.31153846153846,11.672727272727274,0.5,0
Chennai,2003,6,Monsoon,32.263333333333335,39.244827586206895,27.38823529411765,11.870588235294116,52.4,1
Chennai,2003,7,Monsoon,29.748387096774195,34.333333333333336,25.36,9.024999999999999,186.6,12
Chennai,2003,8,Monsoon,29.203225806451613,34.02068965517241,25.015,8.526315789473685,164.1,10
Chennai,2003,9,Monsoon,29.69,35.30384615384615,25.580000000000002,9.8125,96.80000000000001,4
Chennai,2003,10,Post-Monsoon,27.648387096774194,32.940000000000005,24.9,8.486666666666666,218.0,9
Chennai,2003,11,Post-Monsoon,26.146666666666665,30.760714285714283,23.24705882352941,7.8352941176470585,70.7,8
Chennai,2003,12,Winter,25.093548387096774,29.685000000000002,20.955000000000002,8.114285714285714,40.1,2
Chennai,2004,1,Winter,24.729032258064517,29.896551724137932,20.045454545454547,9.950000000000001,24.1,1
Chennai,2004,2,Winter,25.36551724137931,31.203703703703702,20.8,10.108333333333334,0.0,0
Chennai,2004,3,Pre-Monsoon,27.938709677419357,34.32,23.03125,11.25,0.0,0
Chennai,2004,4,Pre-Monsoon,30.816666666666666,36.86785714285714,26.913333333333334,10.450000000000001,3.0,1
Chennai,2004,5,Pre-Monsoon,29.151612903225807,35.53793103448275,25.77857142857143,8.658333333333333,157.7,7
Chennai,2004,6,Monsoon,30.64,36.404347826086955,26.483333333333334,9.775,58.1,6
Chennai,2004,7,Monsoon,29.983870967741936,35.574999999999996,26.0125,9.368421052631577,45.0,6
Chennai,2004,8,Monsoon,30.799999999999997,37.248387096774195,26.57857142857143,10.299999999999999,208.79999999999998,6
Chennai,2004,9,Monsoon,28.45,33.30384615384615,24.935,8.255555555555556,237.9,13
Chennai,2004,10,Post-Monsoon,27.393548387096775,31.588,24.395454545454548,7.466666666666667,313.4,15
Chennai,2004,11,Post-Monsoon,26.39,30.035000000000004,22.668181818181818,7.6642857142857155,233.9,9
Chennai,2004,12,Winter,25.287096774193547,30.210714285714285,20.726086956521737,9.466666666666667,14.299999999999999,3
Chennai,2005,1,Winter,25.458064516129035,30.92758620689655,20.752380952380953,10.11,0.3,0
Chennai,2005,2,Winter,26.321428571428573,32.36071428571429,21.373684210526317,10.994736842105263,6.1,1
Chennai,2005,3,Pre-Monsoon,28.596774193548388,34.13870967741936,24.54090909090909,10.00909090909091,2.0,1
Chennai,2005,4,Pre-Monsoon,28.64333333333333,34.14137931034483,25.727272727272727,8.399999999999999,163.0,4
Chennai,2005,5,Pre-Monsoon,30.919354838709676,37.96774193548387,27.405555555555555,10.588888888888889,52.5,2
Chennai,2005,6,Monsoon,31.876666666666665,38.623333333333335,28.0,10.33,7.8999999999999995,2
Chennai,2005,7,Monsoon,30.403225806451612,36.98888888888889,26.04375,10.616666666666667,88.2,5
Chennai,2005,8,Monsoon,30.096774193548388,36.24,26.175,9.978947368421053,62.5,5
Chennai,2005,9,Monsoon,29.333333333333332,34.59,25.683333333333334,9.012500000000001,40.9,2
Chennai,2005,10,Post-Monsoon,26.261290322580646,31.875862068965517,24.0,8.579999999999998,740.1,15
Chennai,2005,11,Post-Monsoon,26.009999999999998,29.4125,22.110526315789475,8.65,540.4,13
Chennai,2005,12,Winter,24.174193548387095,28.23333333333333,21.142857142857142,6.55,404.90000000000003,9
Chennai,2006,1,Winter,24.541935483870965,30.03793103448276,19.892307692307693,11.018181818181818,1.5,0
Chennai,2006,2,Winter,25.760714285714283,32.166666666666664,20.822727272727274,11.254545454545454,0.0,0
Chennai,2006,3,Pre-Monsoon,28.458064516129035,34.019354838709674,24.23333333333333,10.044444444444444,17.0,2
Chennai,2006,4,Pre-Monsoon,30.573333333333334,36.79666666666667,26.150000000000002,10.704166666666666,0.0,0
Chennai,2006,5,Pre-Monsoon,31.4,37.80344827586207,27.3,9.970588235294118,15.0,1
Chennai,2006,6,Monsoon,30.83,37.278571428571425,26.26875,10.56875,46.0,6
Chennai,2006,7,Monsoon,30.74516129032258,36.55483870967742,26.49285714285714,10.35,75.7,5
Chennai,2006,8,Monsoon,29.887096774193548,35.61,25.55,10.047368421052632,131.9,12
Chennai,2006,9,Monsoon,29.040000000000003,34.09655172413793,25.110526315789475,9.083333333333334,124.6,8
Chennai,2006,10,Post-Monsoon,27.503225806451614,32.12903225806452,24.07857142857143,6.971428571428572,659.4,12
Chennai,2006,11,Post-Monsoon,25.413333333333334,30.203333333333333,23.48,7.140000000000001,276.6,19
Chennai,2006,12,Winter,25.306451612903224,30.143478260869564,21.53333333333333,8.62857142857143,20.2,2
Chennai,2007,1,Winter,24.67096774193548,30.003333333333334,20.97142857142857,9.033333333333333,0.0,0
Chennai,2007,2,Winter,25.74642857142857,31.125925925925927,23.516666666666666,8.833333333333334,22.6,2
Chennai,2007,3,Pre-Monsoon,27.664516129032258,33.42857142857143,23.576470588235296,9.96,0.0,0
Chennai,2007,4,Pre-Monsoon,29.6,35.04333333333333,26.311111111111114,8.9,10.4,1
Chennai,2007,5,Pre-Monsoon,32.05161290322581,39.64,28.2,11.3,3.8,1
Chennai,2007,6,Monsoon,29.720000000000002,35.58571428571428,25.95625,9.1875,104.9,10
Chennai,2007,7,Monsoon,28.93548387096774,35.10967741935484,25.23157894736842,9.799999999999999,188.1,9
Chennai,2007,8,Monsoon,28.26451612903226,34.01724137931034,24.71666666666667,9.221739130434782,214.0,12
Chennai,2007,9,Monsoon,28.529999999999998,33.96666666666667,25.066666666666666,8.830769230769231,123.4,8
Chennai,2007,10,Post-Monsoon,27.425806451612903,32.88275862068966,24.04,9.120000000000001,225.0,10
Chennai,2007,11,Post-Monsoon,25.61,30.73793103448276,22.43,8.1,105.3,6
Chennai,2007,12,Winter,24.85483870967742,29.36,21.7,7.025,227.5,8
Chennai,2008,1,Winter,24.638709677419353,29.772413793103446,20.922222222222224,9.200000000000001,0.0,0
Chennai,2008,2,Winter,26.07241379310345,31.43103448275862,22.3,9.1,11.2,2
Chennai,2008,3,Pre-Monsoon,26.738709677419354,32.329032258064515,22.883333333333336,9.133333333333333,173.89999999999998,6
Chennai,2008,4,Pre-Monsoon,29.366666666666667,34.973076923076924,26.916666666666668,9.225,0.0,0
Chennai,2008,5,Pre-Monsoon,31.990322580645163,40.34193548387096,26.860000000000003,13.52,0.0,0
Chennai,2008,6,Monsoon,30.803333333333335,37.169999999999995,26.69090909090909,10.009090909090908,55.1,3
Chennai,2008,7,Monsoon,30.03548387096774,36.440000000000005,25.99090909090909,10.09,39.3,6
Chennai,2008,8,Monsoon,29.041935483870965,34.43333333333333,25.53846153846154,8.86923076923077,86.5,5
Chennai,2008,9,Monsoon,29.029999999999998,34.55862068965517,24.818181818181817,9.272727272727273,73.9,5
Chennai,2008,10,Post-Monsoon,27.019354838709678,32.234482758620686,24.3,7.271428571428571,454.20000000000005,14
Chennai,2008,11,Post-Monsoon,25.37,30.807142857142857,22.75714285714286,7.0,703.8,12
Chennai,2008,12,Winter,25.138709677419353,30.164285714285715,21.477777777777778,9.05,7.699999999999999,1
Chennai,2009,1,Winter,25.112903225806452,30.366666666666667,20.96470588235294,9.492307692307692,35.0,2
Chennai,2009,2,Winter,26.610714285714288,32.175000000000004,21.700000000000003,10.82,0.0,0
Chennai,2009,3,Pre-Monsoon,28.45483870967742,34.444,23.74090909090909,10.65625,2.0,1
Chennai,2009,4,Pre-Monsoon,30.82,36.40526315789474,26.685714285714283,9.946153846153846,0.0,0
Chennai,2009,5,Pre-Monsoon,32.096774193548384,38.95,27.127272727272725,12.127272727272727,39.9,2
Chennai,2009,6,Monsoon,32.336666666666666,39.35925925925926,27.8,11.814285714285715,8.4,2
Chennai,2009,7,Monsoon,31.85483870967742,37.707142857142856,27.5,10.18235294117647,63.7,6
Chennai,2009,8,Monsoon,29.6,35.512903225806454,25.62,9.94,98.3,7
Chennai,2009,9,Monsoon,30.233333333333334,34.1375,25.31764705882353,8.416666666666666,162.9,8
Chennai,2009,10,Post-Monsoon,29.716129032258067,34.1875,25.19047619047619,8.433333333333334,43.4,4
Chennai,2009,11,Post-Monsoon,26.490000000000002,30.36923076923077,23.605555555555554,6.353333333333334,647.1,13
Chennai,2009,12,Winter,25.154838709677417,29.103571428571428,22.03684210526316,6.9444444444444455,214.2,12
Chennai,2010,1,Winter,25.14516129032258,29.903225806451612,21.86875,8.35,4.699999999999999,1
Chennai,2010,2,Winter,26.142857142857142,31.714285714285715,21.71333333333333,9.713333333333333,0.0,0
Chennai,2010,3,Pre-Monsoon,28.738709677419354,34.89310344827586,24.200000000000003,10.816666666666668,0.0,0
Chennai,2010,4,Pre-Monsoon,31.176666666666666,36.87931034482759,27.515789473684208,9.436842105263157,0.0,0
Chennai,2010,5,Pre-Monsoon,31.483870967741936,38.12222222222222,27.20909090909091,10.527777777777777,167.10000000000002,4
Chennai,2010,6,Monsoon,30.246666666666666,35.91724137931034,26.27916666666667,9.604347826086956,104.2,10
Chennai,2010,7,Monsoon,29.09032258064516,33.92666666666666,25.354545454545452,7.957142857142857,112.2,8
Chennai,2010,8,Monsoon,28.94193548387097,34.06333333333333,25.255555555555556,8.623529411764705,172.0,11
Chennai,2010,9,Monsoon,28.736666666666668,33.244827586206895,25.204761904761902,7.74,148.1,9
Chennai,2010,10,Post-Monsoon,28.458064516129035,33.903333333333336,24.936842105263157,9.094444444444443,145.3,7
Chennai,2010,11,Post-Monsoon,26.540000000000003,31.470370370370368,23.48,8.066666666666666,254.4,18
Chennai,2010,12,Winter,24.661290322580644,29.98,21.273684210526316,8.805555555555555,247.9,7
Chennai,2011,1,Winter,24.738709677419354,30.687096774193545,20.8,9.864705882352942,19.1,1
Chennai,2011,2,Winter,25.585714285714285,31.860714285714288,21.95,10.1875,33.0,2
Chennai,2011,3,Pre-Monsoon,27.461290322580645,34.35333333333333,22.655555555555555,12.555555555555555,0.0,0
Chennai,2011,4,Pre-Monsoon,29.483333333333334,35.68666666666666,25.726315789473684,10.3,30.3,2
Chennai,2011,5,Pre-Monsoon,31.79032258064516,39.6741935483871,27.025000000000002,12.639285714285714,24.9,1
Chennai,2011,6,Monsoon,31.966666666666665,38.725,27.025,11.668421052631578,11.1,3
Chennai,2011,7,Monsoon,30.203225806451613,36.16129032258065,25.7375,10.120833333333334,151.2,8
Chennai,2011,8,Monsoon,29.458064516129035,35.0551724137931,24.991666666666664,9.968181818181817,192.4,10
Chennai,2011,9,Monsoon,29.303333333333335,35.836666666666666,24.603846153846156,11.238461538461538,152.6,8
Chennai,2011,10,Post-Monsoon,28.096774193548388,33.82258064516129,24.191999999999997,9.440000000000001,237.79999999999998,7
Chennai,2011,11,Post-Monsoon,26.136666666666667,31.058620689655175,22.544,8.445833333333333,480.9,14
Chennai,2011,12,Winter,25.229032258064517,30.509677419354837,21.096,9.62,205.2,6
Chennai,2012,1,Winter,24.848387096774193,30.506451612903227,20.444000000000003,10.156,28.5,3
Chennai,2012,2,Winter,25.96551724137931,32.357142857142854,20.695238095238096,11.78,0.0,0
Chennai,2012,3,Pre-Monsoon,28.91290322580645,35.65483870967742,24.034615384615385,11.553846153846155,0.0,0
Chennai,2012,4,Pre-Monsoon,30.62,36.67333333333333,26.771428571428572,10.114285714285714,2.0,0
Chennai,2012,5,Pre-Monsoon,33.041935483870965,40.94827586206897,28.372,12.445833333333333,0.0,0
Chennai,2012,6,Monsoon,32.45333333333333,39.96,27.995238095238093,12.328571428571427,45.99999999999999,1
Chennai,2012,7,Monsoon,30.6,36.67741935483871,25.912,10.74,93.4,7
Chennai,2012,8,Monsoon,29.603225806451615,35.93793103448276,24.979166666666668,10.873913043478261,81.1,6
Chennai,2012,9,Monsoon,29.233333333333334,34.95172413793104,24.545454545454547,10.322727272727272,143.2,6
Chennai,2012,10,Post-Monsoon,27.961290322580645,33.39354838709678,23.851999999999997,9.296,343.7,13
Chennai,2012,11,Post-Monsoon,26.71333333333333,32.13448275862069,22.191304347826087,10.122727272727273,48.9,5
Chennai,2012,12,Winter,25.874193548387098,30.776666666666664,22.116666666666664,8.626086956521739,195.6,5
Chennai,2013,1,Winter,25.135483870967743,30.85666666666667,20.808333333333334,10.02608695652174,0.0,0
Chennai,2013,2,Winter,26.078571428571426,31.717857142857145,21.855,9.775,8.4,1
Chennai,2013,3,Pre-Monsoon,28.05483870967742,33.88387096774194,23.047619047619047,10.652380952380954,0.0,0
Chennai,2013,4,Pre-Monsoon,30.64,36.66,26.725,10.337499999999999,0.6,0
Chennai,2013,5,Pre-Monsoon,31.81935483870968,39.07,27.57894736842105,11.172222222222222,51.1,1
Chennai,2013,6,Monsoon,31.006666666666668,37.775862068965516,26.95,10.880952380952381,5.8999999999999995,1
Chennai,2013,7,Monsoon,29.258064516129032,34.975,25.065217391304348,9.972727272727273,88.7,8
Chennai,2013,8,Monsoon,29.061290322580643,34.86451612903225,24.785714285714285,10.052380952380952,162.6,11
Chennai,2013,9,Monsoon,28.983333333333334,34.52916666666667,24.817391304347826,9.526315789473685,174.4,10
Chennai,2013,10,Post-Monsoon,28.299999999999997,33.64666666666667,24.320833333333336,9.278260869565218,220.29999999999998,12
Chennai,2013,11,Post-Monsoon,26.42666666666667,31.155172413793103,23.113333333333333,8.3,181.29999999999998,8
Chennai,2013,12,Winter,24.864516129032257,29.756666666666668,20.37857142857143,9.353846153846153,82.60000000000001,5
Chennai,2014,1,Winter,25.12258064516129,29.956666666666667,20.766666666666666,9.181818181818182,1.5,0
Chennai,2014,2,Winter,25.514285714285712,31.361538461538462,20.485714285714288,10.984615384615383,6.699999999999999,1
Chennai,2014,3,Pre-Monsoon,27.919354838709676,33.99677419354839,23.30625,10.987499999999999,0.0,0
Chennai,2014,4,Pre-Monsoon,30.423333333333336,36.54642857142857,25.76086956521739,10.742857142857142,0.0,0
Chennai,2014,5,Pre-Monsoon,31.60967741935484,38.300000000000004,26.96470588235294,11.242857142857142,21.3,4
Chennai,2014,6,Monsoon,32.156666666666666,39.165517241379305,26.849999999999998,12.066666666666665,92.2,5
Chennai,2014,7,Monsoon,30.948387096774194,36.645161290322584,26.255555555555556,11.155555555555555,37.8,7
Chennai,2014,8,Monsoon,29.70967741935484,35.269999999999996,25.386666666666667,9.873333333333333,168.3,8
Chennai,2014,9,Monsoon,28.916666666666668,34.824137931034485,24.759999999999998,10.450000000000001,150.2,8
Chennai,2014,10,Post-Monsoon,28.216129032258067,33.60434782608696,24.875,8.770588235294117,348.3,9
Chennai,2014,11,Post-Monsoon,26.45,30.404347826086955,23.0,7.473333333333333,175.29999999999998,7
Chennai,2014,12,Winter,25.63225806451613,29.52916666666667,22.394117647058824,7.133333333333334,164.7,8
Chennai,2015,1,Winter,25.07741935483871,29.654545454545453,20.678260869565218,9.441176470588236,4.0,1
Chennai,2015,2,Winter,26.039285714285715,31.716666666666665,20.924,10.52,0.0,0
Chennai,2015,3,Pre-Monsoon,28.72258064516129,33.607142857142854,23.634615384615383,10.130434782608695,0.0,0
Chennai,2015,4,Pre-Monsoon,30.236666666666668,35.718518518518515,25.52692307692308,10.145833333333332,113.49999999999999,3
Chennai,2015,5,Pre-Monsoon,31.712903225806453,38.11739130434783,27.024137931034485,10.781818181818183,30.0,4
Chennai,2015,6,Monsoon,31.54,37.79545454545455,26.287499999999998,11.28235294117647,49.6,4
Chennai,2015,7,Monsoon,31.322580645161292,38.34,25.942307692307693,12.452,118.3,12
Chennai,2015,8,Monsoon,30.200000000000003,35.768,24.78076923076923,10.826086956521738,175.7,9
Chennai,2015,9,Monsoon,30.333333333333332,35.70384615384615,25.617241379310343,10.116,60.5,2
Chennai,2015,10,Post-Monsoon,28.690322580645162,34.044000000000004,23.86785714285714,10.370833333333334,159.0,10
Chennai,2015,11,Post-Monsoon,26.65,30.484,22.817241379310346,7.5520000000000005,1175.8999999999999,22
Chennai,2015,12,Winter,26.45483870967742,30.917241379310347,21.83,9.075862068965517,542.0,9
Chennai,2016,1,Winter,26.14516129032258,31.048387096774192,20.948387096774194,10.1,2.0,1
Chennai,2016,2,Winter,27.379310344827587,32.65555555555556,22.217241379310344,10.418518518518518,0.0,0
Chennai,2016,3,Pre-Monsoon,29.55483870967742,34.607142857142854,24.05,10.517857142857142,0.0,0
Chennai,2016,4,Pre-Monsoon,31.48,37.34,26.523333333333333,10.816666666666666,0.0,0
Chennai,2016,5,Pre-Monsoon,31.94193548387097,37.80333333333333,27.203225806451613,10.59,245.29999999999998,4
Chennai,2016,6,Monsoon,30.64,36.12,26.209999999999997,9.909999999999998,113.2,10
Chennai,2016,7,Monsoon,30.42258064516129,35.45161290322581,25.825806451612905,9.625806451612904,59.2,5
Chennai,2016,8,Monsoon,30.9,36.461290322580645,26.416129032258063,10.04516129032258,69.1,6
Chennai,2016,9,Monsoon,29.55,34.69666666666667,25.013333333333332,9.683333333333334,259.7,8
Chennai,2016,10,Post-Monsoon,29.33225806451613,34.86451612903225,24.72258064516129,10.141935483870968,5.8,2
Chennai,2016,11,Post-Monsoon,26.816666666666666,32.18666666666667,22.293333333333333,9.893333333333334,57.9,5
Chennai,2016,12,Winter,25.316129032258065,30.256666666666668,20.92258064516129,9.343333333333334,396.7,6
Chennai,2017,1,Winter,25.451612903225808,30.532258064516128,20.958064516129035,9.574193548387097,9.2,2
Chennai,2017,2,Winter,26.235714285714288,32.082142857142856,20.439285714285713,11.642857142857142,0.0,0
Chennai,2017,3,Pre-Monsoon,29.361290322580647,34.461290322580645,24.274193548387096,10.187096774193547,0.0,0
Chennai,2017,4,Pre-Monsoon,31.716666666666665,37.82,26.45,11.370000000000001,0.0,0
Chennai,2017,5,Pre-Monsoon,33.10645161290322,39.519354838709674,27.845161290322583,11.674193548387096,0.0,0
Chennai,2017,6,Monsoon,32.28,38.516666666666666,26.82,11.696666666666665,48.699999999999996,3
Chennai,2017,7,Monsoon,31.251612903225805,36.68709677419355,25.893548387096775,10.793548387096775,195.9,8
Chennai,2017,8,Monsoon,29.75483870967742,35.222580645161294,24.925806451612903,10.296774193548387,213.7,17
Chennai,2017,9,Monsoon,29.726666666666667,34.04333333333333,25.266666666666666,8.776666666666667,77.8,4
Chennai,2017,10,Post-Monsoon,28.91290322580645,33.42258064516129,24.76774193548387,8.654838709677419,336.3,11
Chennai,2017,11,Post-Monsoon,27.083333333333332,30.724137931034484,23.283333333333335,7.4206896551724135,535.5,16
Chennai,2017,12,Winter,26.548387096774192,30.39333333333333,21.980645161290322,8.476666666666667,56.1,1
Chennai,2018,1,Winter,25.419354838709676,30.396774193548385,20.241935483870968,10.154838709677419,7.1,1
Chennai,2018,2,Winter,26.692857142857143,32.044444444444444,21.189285714285713,10.722222222222221,1.0,0
Chennai,2018,3,Pre-Monsoon,29.006451612903227,34.59,23.606451612903225,11.01,0.5,0
Chennai,2018,4,Pre-Monsoon,31.456666666666667,36.00689655172414,27.053333333333335,8.975862068965517,0.0,0
Chennai,2018,5,Pre-Monsoon,32.58064516129032,37.86666666666667,28.261290322580646,9.616666666666667,0.0,0
Chennai,2018,6,Monsoon,32.53,38.4,27.763333333333332,10.606896551724137,15.0,1
Chennai,2018,7,Monsoon,31.87741935483871,36.806451612903224,27.016129032258064,9.790322580645162,57.1,3
Chennai,2018,8,Monsoon,30.448387096774194,36.13225806451613,25.496774193548386,10.635483870967741,154.39999999999998,11
Chennai,2018,9,Monsoon,29.91,34.81333333333334,25.513333333333332,9.3,74.1,4
Chennai,2018,10,Post-Monsoon,28.64516129032258,32.96774193548387,24.493548387096773,8.474193548387097,255.79999999999998,9
Chennai,2018,11,Post-Monsoon,27.573333333333334,31.376666666666665,23.526666666666664,7.85,240.1,9
Chennai,2018,12,Winter,26.41290322580645,30.322580645161292,22.783870967741933,7.538709677419355,95.30000000000001,4
Chennai,2019,1,Winter,25.283870967741933,29.845161290322583,20.35483870967742,9.490322580645161,0.0,0
Chennai,2019,2,Winter,27.917857142857144,32.517857142857146,23.00714285714286,9.510714285714286,3.0,1
Chennai,2019,3,Pre-Monsoon,29.932258064516127,35.33548387096774,24.6,10.735483870967743,0.0,0
Chennai,2019,4,Pre-Monsoon,31.746666666666666,37.18,26.636666666666667,10.543333333333333,0.0,0
Chennai,2019,5,Pre-Monsoon,33.432258064516134,39.86129032258064,28.29032258064516,11.570967741935483,0.0,0
Chennai,2019,6,Monsoon,33.623333333333335,40.49,27.833333333333332,12.656666666666666,37.1,3
Chennai,2019,7,Monsoon,31.596774193548388,37.16129032258065,26.322580645161292,10.838709677419354,192.6,8
Chennai,2019,8,Monsoon,31.312903225806455,36.041935483870965,25.761290322580646,10.280645161290321,131.1,6
Chennai,2019,9,Monsoon,29.55666666666667,34.07666666666667,25.27,8.806666666666667,244.6,12
Chennai,2019,10,Post-Monsoon,28.47741935483871,32.70322580645161,24.916129032258063,7.7870967741935475,312.8,13
Chennai,2019,11,Post-Monsoon,28.073333333333334,32.166666666666664,24.31,7.856666666666667,202.7,11
Chennai,2019,12,Winter,26.458064516129035,30.16774193548387,23.07741935483871,7.090322580645162,165.0,8
Chennai,2020,1,Winter,26.396774193548385,30.82903225806452,21.967741935483872,8.861290322580645,63.699999999999996,3
Chennai,2020,2,Winter,27.306896551724137,32.148275862068964,22.448275862068964,9.700000000000001,0.0,0
Chennai,2020,3,Pre-Monsoon,28.74516129032258,33.84516129032258,24.238709677419354,9.606451612903227,0.0,0
Chennai,2020,4,Pre-Monsoon,30.513333333333332,35.693333333333335,26.05666666666667,9.636666666666667,11.9,2
Chennai,2020,5,Pre-Monsoon,32.5516129032258,38.46774193548387,28.44516129032258,10.02258064516129,5.1,1
Chennai,2020,6,Monsoon,32.18,38.25333333333333,27.876666666666665,10.376666666666667,7.3,3
Chennai,2020,7,Monsoon,29.822580645161292,35.064516129032256,25.703225806451613,9.361290322580645,302.8,11
Chennai,2020,8,Monsoon,29.874193548387098,34.329032258064515,26.0258064516129,8.303225806451614,98.3,4
Chennai,2020,9,Monsoon,28.740000000000002,33.61666666666667,25.313333333333333,8.303333333333333,130.3,5
Chennai,2020,10,Post-Monsoon,28.796774193548387,33.92258064516129,25.299999999999997,8.62258064516129,137.0,7
Chennai,2020,11,Post-Monsoon,27.333333333333332,31.386666666666667,23.323333333333334,8.063333333333334,511.0,13
Chennai,2020,12,Winter,26.703225806451613,30.193548387096776,21.94516129032258,8.248387096774193,221.5,9
Chennai,2021,1,Winter,25.238709677419354,29.325806451612905,22.274193548387096,7.051612903225807,97.3,10
Chennai,2021,2,Winter,24.775000000000002,29.885714285714283,20.63214285714286,9.25357142857143,24.7,3
Chennai,2021,3,Pre-Monsoon,27.08709677419355,32.84838709677419,22.458064516129035,10.390322580645162,0.2,0
Chennai,2021,4,Pre-Monsoon,29.709999999999997,34.556666666666665,25.970000000000002,8.586666666666668,11.9,2
Chennai,2021,5,Pre-Monsoon,30.93548387096774,35.74193548387097,27.364516129032257,8.377419354838711,25.2,7
Chennai,2021,6,Monsoon,30.89,36.32,27.220000000000002,9.1,52.4,11
Chennai,2021,7,Monsoon,29.39032258064516,34.28709677419355,25.851612903225806,8.435483870967742,190.5,21
Chennai,2021,8,Monsoon,29.125806451612902,34.400000000000006,25.641935483870967,8.758064516129032,179.2,22
Chennai,2021,9,Monsoon,28.8,33.626666666666665,25.78666666666667,7.840000000000001,167.0,21
Chennai,2021,10,Post-Monsoon,27.693548387096776,32.52903225806452,24.806451612903224,7.72258064516129,229.0,27
Chennai,2021,11,Post-Monsoon,25.576666666666664,28.846666666666668,23.53666666666667,5.3100000000000005,648.2,27
Chennai,2021,12,Winter,25.164516129032258,29.793548387096774,21.58709677419355,8.206451612903226,70.6,11
Chennai,2022,1,Winter,25.248387096774195,29.58709677419355,21.82903225806452,7.758064516129032,38.1,10
Chennai,2022,2,Winter,25.685714285714287,30.5,21.410714285714285,9.089285714285714,2.0,0
Chennai,2022,3,Pre-Monsoon,27.929032258064513,33.26774193548387,23.470967741935485,9.796774193548387,13.0,2
Chennai,2022,4,Pre-Monsoon,29.78666666666667,34.443333333333335,26.13,8.313333333333334,9.6,3
Chennai,2022,5,Pre-Monsoon,30.677419354838708,36.13548387096775,27.0,9.135483870967741,67.0,8
Chennai,2022,6,Monsoon,30.176666666666666,35.47,26.59,8.879999999999999,93.4,14
Chennai,2022,7,Monsoon,28.951999999999998,33.708,25.816,7.892,134.7,16
Delhi,1990,1,Winter,15.83548387096774,23.155172413793103,9.557692307692308,13.429166666666667,0.0,0
Delhi,1990,2,Winter,16.321428571428573,22.065384615384616,11.245000000000001,10.922222222222222,101.2,5
Delhi,1990,3,Pre-Monsoon,20.903225806451612,27.54137931034483,13.964,13.787500000000001,3.5999999999999996,1
Delhi,1990,4,Pre-Monsoon,28.446666666666665,35.99629629629629,20.855999999999998,15.122727272727273,0.6,0
Delhi,1990,5,Pre-Monsoon,31.532258064516128,37.61071428571428,25.920833333333334,12.038095238095238,41.9,2
Delhi,1990,6,Monsoon,34.04,39.873333333333335,28.468000000000004,11.44,43.5,2
Delhi,1990,7,Monsoon,29.925806451612903,33.906666666666666,26.50909090909091,7.214285714285714,76.1,6
Delhi,1990,8,Monsoon,29.66774193548387,33.88214285714286,26.44347826086957,7.877272727272728,106.8,8
Delhi,1990,9,Monsoon,28.425,32.885714285714286,25.214285714285715,7.480952380952382,260.1,9
Delhi,1990,10,Post-Monsoon,25.14814814814815,32.30625,19.358823529411765,12.736363636363636,0.0,0
Delhi,1990,11,Post-Monsoon,19.73076923076923,27.735714285714288,13.214285714285714,14.728571428571428,2.8,1
Delhi,1990,12,Winter,14.255999999999998,22.71764705882353,7.933333333333334,15.25,33.0,1
Delhi,1991,1,Winter,12.886666666666667,20.791999999999998,6.5,14.394117647058824,0.0,0
Delhi,1991,2,Winter,17.442307692307693,24.6,10.13846153846154,14.444444444444445,1.0,0
Delhi,1991,3,Pre-Monsoon,22.65,29.695652173913043,15.881818181818181,15.066666666666666,0.0,0
Delhi,1991,4,Pre-Monsoon,28.073333333333334,35.11724137931034,20.34,14.816666666666668,3.6,0
Delhi,1991,5,Pre-Monsoon,32.67,40.16206896551724,25.444000000000003,14.391999999999998,18.3,1
Delhi,1991,6,Monsoon,33.010714285714286,38.7,27.626315789473683,11.649999999999999,18.8,2
Delhi,1991,7,Monsoon,32.85806451612903,37.65333333333333,28.99473684210526,9.016666666666667,44.4,4
Delhi,1991,8,Monsoon,29.403225806451612,33.17333333333333,26.43846153846154,6.84,358.5,13
Delhi,1991,9,Monsoon,29.226666666666667,34.392857142857146,24.71481481481481,9.675999999999998,143.6,5
Delhi,1991,10,Post-Monsoon,24.56451612903226,33.10344827586207,17.67037037037037,15.492,0.0,0
Delhi,1991,11,Post-Monsoon,18.803333333333335,27.186206896551724,12.308,15.533333333333333,10.6,2
Delhi,1991,12,Winter,14.572413793103449,22.791999999999998,9.0,14.523809523809524,13.2,1
Delhi,1992,1,Winter,14.332142857142857,21.142857142857142,8.18888888888889,12.873333333333333,7.3999999999999995,2
Delhi,1992,2,Winter,15.838461538461539,22.099999999999998,8.875,13.618181818181819,0.0,0
Delhi,1992,3,Pre-Monsoon,22.75,28.61904761904762,15.892307692307693,13.419999999999998,164.1,1
Delhi,1992,4,Pre-Monsoon,28.729166666666668,35.105000000000004,19.846153846153847,14.97272727272727,0.0,0
Delhi,1992,5,Pre-Monsoon,31.721739130434784,38.25,24.94545454545454,14.375,0.0,0
Delhi,1992,6,Monsoon,34.09230769230769,39.95652173913044,27.663636363636364,13.722222222222221,0.0,0
Delhi,1992,7,Monsoon,29.65555555555555,34.019999999999996,25.839999999999996,8.342857142857143,42.3,6
Delhi,1992,8,Monsoon,29.47,33.519999999999996,26.83076923076923,6.0,34.5,5
Delhi,1992,9,Monsoon,28.233333333333334,33.97692307692308,23.21,10.83888888888889,88.3,4
Delhi,1992,10,Post-Monsoon,24.861290322580647,32.725,18.177777777777777,14.554166666666667,3.3,1
Delhi,1992,11,Post-Monsoon,19.323333333333334,27.616666666666667,12.578571428571427,15.367857142857144,9.1,1
Delhi,1992,12,Winter,15.641379310344828,24.49285714285714,8.828571428571427,15.74074074074074,0.0,0
Delhi,1993,1,Winter,14.006451612903225,20.727586206896554,7.773076923076923,12.808333333333332,22.1,3
Delhi,1993,2,Winter,18.414285714285715,25.892592592592592,11.86923076923077,13.904000000000002,2.8,2
Delhi,1993,3,Pre-Monsoon,20.919354838709676,27.583870967741937,13.88076923076923,13.746153846153845,7.8,3
Delhi,1993,4,Pre-Monsoon,28.137931034482758,36.206896551724135,20.21851851851852,16.229629629629628,7.1,1
Delhi,1993,5,Pre-Monsoon,33.71935483870968,40.827586206896555,26.288888888888888,14.675999999999998,13.7,2
Delhi,1993,6,Monsoon,33.443333333333335,39.370370370370374,27.86521739130435,11.723809523809525,103.9,3
Delhi,1993,7,Monsoon,30.13225806451613,34.37419354838709,26.768181818181816,7.75,232.9,10
Delhi,1993,8,Monsoon,31.50967741935484,35.92857142857143,27.620833333333334,8.813636363636363,158.2,4
Delhi,1993,9,Monsoon,27.790000000000003,31.613793103448273,24.51153846153846,7.36,246.2,10
Delhi,1993,10,Post-Monsoon,24.700000000000003,33.44444444444444,18.00689655172414,15.488,0.0,0
Delhi,1993,11,Post-Monsoon,19.863333333333333,28.779310344827586,12.688461538461537,16.223076923076924,0.0,0
Delhi,1993,12,Winter,14.736666666666668,24.03103448275862,7.02962962962963,16.95,0.0,0
Delhi,1994,1,Winter,14.648387096774194,21.37,8.539130434782608,13.090909090909092,31.8,2
Delhi,1994,2,Winter,16.657142857142855,23.66296296296296,9.478947368421052,14.733333333333333,3.3,1
Delhi,1994,3,Pre-Monsoon,24.01290322580645,31.345161290322583,16.356666666666666,15.016666666666667,51.0,1
Delhi,1994,4,Pre-Monsoon,27.033333333333335,34.57857142857143,19.41923076923077,15.0875,4.1,1
Delhi,1994,5,Pre-Monsoon,33.0103448275862,40.392307692307696,25.855999999999998,14.512500000000001,59.7,3
Delhi,1994,6,Monsoon,33.943333333333335,39.353846153846156,28.27916666666667,11.195238095238095,146.8,5
Delhi,1994,7,Monsoon,29.60967741935484,33.56333333333333,26.15416666666667,7.316666666666666,383.8,15
Delhi,1994,8,Monsoon,29.09,33.15555555555556,25.786956521739132,7.714999999999999,212.6,11
Delhi,1994,9,Monsoon,28.926666666666666,34.38846153846154,24.127586206896552,9.956,1.5,1
Delhi,1994,10,Post-Monsoon,24.57,32.772413793103446,17.548148148148147,15.346153846153847,0.0,0
Delhi,1994,11,Post-Monsoon,19.293333333333333,27.967857142857145,12.139285714285714,15.853846153846153,0.0,0
Delhi,1994,12,Winter,15.764516129032257,23.95862068965517,9.175862068965518,14.855555555555556,0.0,0
Delhi,1995,1,Winter,13.087096774193547,19.60666666666667,7.185714285714285,12.592592592592593,69.6,3
Delhi,1995,2,Winter,16.867857142857144,23.3,10.8,12.643478260869566,31.2,4
Delhi,1995,3,Pre-Monsoon,21.30666666666667,28.05666666666667,14.174999999999999,13.646428571428572,34.599999999999994,3
Delhi,1995,4,Pre-Monsoon,28.39333333333333,35.29666666666667,20.585714285714285,14.546428571428573,1.0,0
Delhi,1995,5,Pre-Monsoon,33.99354838709677,41.158620689655166,26.65,14.635714285714286,0.0,0
Delhi,1995,6,Monsoon,35.45666666666667,41.34827586206896,29.316,12.533333333333333,61.4,4
Delhi,1995,7,Monsoon,31.651612903225807,35.97,27.70434782608696,8.136363636363637,23.3,2
Delhi,1995,8,Monsoon,28.43548387096774,31.886666666666667,25.960869565217394,6.245454545454546,403.5,17
Delhi,1995,9,Monsoon,28.959999999999997,34.175862068965515,24.804000000000002,9.616,195.7,5
Delhi,1995,10,Post-Monsoon,26.04516129032258,33.354838709677416,20.16296296296296,13.6,1.3,1
Delhi,1995,11,Post-Monsoon,19.616666666666667,28.023333333333333,12.79,15.233333333333333,1.3,1
Delhi,1995,12,Winter,15.27741935483871,22.85,8.757142857142856,14.125925925925927,1.0,0
Delhi,1996,1,Winter,13.7,21.10666666666667,7.284,13.875,7.199999999999999,2
Delhi,1996,2,Winter,17.06896551724138,24.053846153846152,10.430769230769231,14.447826086956523,21.5,2
Delhi,1996,3,Pre-Monsoon,23.561290322580643,30.19,16.782142857142855,13.703703703703704,4.6,2
Delhi,1996,4,Pre-Monsoon,28.823333333333334,36.857692307692304,20.411538461538463,16.463636363636365,1.5,0
Delhi,1996,5,Pre-Monsoon,32.332258064516125,39.66,24.9375,15.0,14.3,4
Delhi,1996,6,Monsoon,31.62,36.964285714285715,27.09130434782609,10.58095238095238,116.5,5
Delhi,1996,7,Monsoon,30.580645161290324,35.182758620689654,27.04,7.965217391304347,438.79999999999995,13
Delhi,1996,8,Monsoon,28.529032258064515,32.203448275862065,26.013636363636362,6.660000000000001,240.8,11
Delhi,1996,9,Monsoon,28.740000000000002,33.46896551724138,24.657692307692308,9.032,152.0,9
Delhi,1996,10,Post-Monsoon,24.9741935483871,31.81935483870968,18.982142857142858,13.107142857142858,0.0,0
Delhi,1996,11,Post-Monsoon,18.490000000000002,28.341379310344827,11.039285714285715,17.081481481481482,0.0,0
Delhi,1996,12,Winter,13.296774193548387,23.073333333333334,5.85,17.341379310344827,0.0,0
Delhi,1997,1,Winter,12.390322580645162,20.706666666666667,5.293103448275862,15.325000000000001,8.6,2
Delhi,1997,2,Winter,16.442857142857143,23.91923076923077,9.11923076923077,15.154166666666667,2.3,1
Delhi,1997,3,Pre-Monsoon,21.751612903225805,28.53103448275862,15.048,14.017391304347825,10.2,2
Delhi,1997,4,Pre-Monsoon,26.55,33.71923076923077,20.004166666666666,14.55,11.4,2
Delhi,1997,5,Pre-Monsoon,30.480645161290322,37.71666666666667,23.303703703703704,14.277777777777779,37.6,3
Delhi,1997,6,Monsoon,31.206666666666667,36.841379310344834,26.095,11.26842105263158,20.8,3
Delhi,1997,7,Monsoon,31.029032258064515,35.37,27.648000000000003,7.8625,58.3,8
Delhi,1997,8,Monsoon,29.345161290322583,33.28,25.895454545454548,7.395238095238096,110.2,9
Delhi,1997,9,Monsoon,29.11,33.89642857142857,25.15833333333333,9.152173913043478,84.5,5
Delhi,1997,10,Post-Monsoon,23.361290322580647,29.203225806451613,18.385185185185186,10.725925925925926,44.5,4
Delhi,1997,11,Post-Monsoon,18.533333333333335,25.64814814814815,12.788,13.039130434782608,12.9,2
Delhi,1997,12,Winter,12.509677419354839,17.607142857142858,8.254545454545454,10.169999999999998,61.699999999999996,3
Delhi,1998,1,Winter,12.906451612903227,20.57037037037037,6.441666666666666,14.104761904761904,0.0,0
Delhi,1998,2,Winter,16.782142857142855,23.715384615384615,10.182608695652174,13.827272727272726,13.4,1
Delhi,1998,3,Pre-Monsoon,20.312903225806455,26.896551724137932,13.303846153846154,14.012500000000001,25.9,4
Delhi,1998,4,Pre-Monsoon,29.033333333333335,36.358620689655176,21.48148148148148,15.242307692307692,5.6,1
Delhi,1998,5,Pre-Monsoon,34.02258064516129,41.28709677419355,25.765384615384615,15.296153846153848,13.0,2
Delhi,1998,6,Monsoon,33.026666666666664,38.699999999999996,28.231818181818184,10.768181818181818,125.2,5
Delhi,1998,7,Monsoon,30.816129032258065,34.95714285714286,27.28,7.582608695652175,133.7,11
Delhi,1998,8,Monsoon,29.58709677419355,33.57241379310345,26.384,7.333333333333333,175.7,11
Delhi,1998,9,Monsoon,29.293333333333333,33.689655172413794,26.028000000000002,7.979166666666667,285.8,8
Delhi,1998,10,Post-Monsoon,25.10967741935484,31.155172413793103,20.712500000000002,11.017391304347825,37.8,2
Delhi,1998,11,Post-Monsoon,19.576666666666664,27.43846153846154,13.222222222222221,14.130434782608695,14.5,1
Delhi,1998,12,Winter,13.609677419354838,21.9741935483871,7.661538461538461,15.034615384615384,0.0,0
Delhi,1999,1,Winter,12.85,18.92962962962963,7.968421052631579,11.176470588235293,59.0,3
Delhi,1999,2,Winter,16.942857142857143,24.25,10.976923076923075,13.556,0.3,0
Delhi,1999,3,Pre-Monsoon,23.532258064516128,31.776666666666664,15.413333333333332,16.348275862068967,0.0,0
Delhi,1999,4,Pre-Monsoon,29.49642857142857,38.295,20.933333333333334,17.61764705882353,0.0,0
Delhi,1999,5,Pre-Monsoon,32.91935483870968,40.186206896551724,26.232,13.865217391304347,15.3,2
Delhi,1999,6,Monsoon,32.9,38.396428571428565,27.666666666666668,10.89,54.1,3
Delhi,1999,7,Monsoon,31.177419354838708,36.24444444444445,27.856521739130436,8.22,109.4,7
Delhi,1999,8,Monsoon,31.019354838709678,35.30769230769231,27.180769230769233,8.204347826086956,40.1,4
Delhi,1999,9,Monsoon,29.023333333333333,33.56206896551724,25.5,7.985714285714285,10.1,2
Delhi,1999,10,Post-Monsoon,25.383870967741935,32.90689655172414,19.12,13.621739130434783,0.0,0
Delhi,1999,11,Post-Monsoon,20.066666666666666,29.25,12.511538461538462,16.838461538461537,0.0,0
Delhi,1999,12,Winter,13.874193548387098,23.295833333333334,7.25,16.423809523809524,0.0,0
Delhi,2000,1,Winter,13.422580645161291,20.151724137931033,7.840909090909091,12.028571428571428,27.9,3
Delhi,2000,2,Winter,15.172413793103448,21.93793103448276,8.777272727272727,13.345454545454546,34.0,1
Delhi,2000,3,Pre-Monsoon,21.93548387096774,29.886206896551727,14.325000000000001,15.644444444444444,3.0,1
Delhi,2000,4,Pre-Monsoon,30.44333333333333,38.292307692307695,21.924,16.427272727272726,0.0,0
Delhi,2000,5,Pre-Monsoon,33.958064516129035,39.96666666666667,27.676923076923078,12.180769230769231,7.8999999999999995,2
Delhi,2000,6,Monsoon,31.35666666666667,37.03333333333333,27.177272727272726,9.36,79.19999999999999,4
Delhi,2000,7,Monsoon,29.77741935483871,33.88965517241379,26.339999999999996,7.578947368421052,295.7,14
Delhi,2000,8,Monsoon,30.07741935483871,34.24516129032258,26.80909090909091,7.622727272727272,88.0,4
Delhi,2000,9,Monsoon,29.56,34.648275862068964,25.148000000000003,9.65,3.5,1
Delhi,2000,10,Post-Monsoon,26.238709677419354,34.53928571428572,19.817857142857143,14.569230769230769,0.0,0
Delhi,2000,11,Post-Monsoon,20.436666666666667,28.720689655172414,13.632,15.5625,0.0,0
Delhi,2000,12,Winter,14.648387096774194,24.393548387096775,7.1899999999999995,17.166666666666668,4.1,1
Delhi,2001,1,Winter,12.345161290322581,19.674193548387095,6.336,14.508,2.0,1
Delhi,2001,2,Winter,17.075,25.442857142857143,9.839130434782609,15.839130434782609,15.0,1
Delhi,2001,3,Pre-Monsoon,22.296774193548387,30.43548387096774,14.676923076923078,15.926923076923078,1.0,0
Delhi,2001,4,Pre-Monsoon,27.889655172413793,36.15925925925926,20.295833333333334,15.681818181818182,34.3,3
Delhi,2001,5,Pre-Monsoon,32.096774193548384,38.63548387096775,25.883333333333336,13.008333333333333,76.2,6
Delhi,2001,6,Monsoon,30.633333333333333,35.46896551724138,26.56190476190476,9.49,53.1,6
Delhi,2001,7,Monsoon,30.55483870967742,34.68571428571429,27.504,7.640909090909091,123.99999999999999,8
Delhi,2001,8,Monsoon,30.664516129032258,35.207142857142856,26.9,8.305,63.199999999999996,4
Delhi,2001,9,Monsoon,29.95,36.33846153846154,24.61785714285714,11.866666666666667,40.9,1
Delhi,2001,10,Post-Monsoon,25.951612903225808,34.303225806451614,19.72962962962963,14.5,0.0,0
Delhi,2001,11,Post-Monsoon,19.543333333333333,29.133333333333333,12.542857142857143,16.632142857142856,0.0,0
Delhi,2001,12,Winter,14.996774193548386,23.32903225806452,8.822222222222221,14.833333333333334,0.0,0
Delhi,2002,1,Winter,13.390322580645162,20.900000000000002,6.876,14.18695652173913,20.0,3
Delhi,2002,2,Winter,16.70357142857143,24.177777777777777,9.924,14.270833333333334,68.6,3
Delhi,2002,3,Pre-Monsoon,23.225806451612904,31.0,15.807142857142859,15.385185185185184,0.3,0
Delhi,2002,4,Pre-Monsoon,30.029999999999998,38.30344827586207,22.360714285714288,15.892592592592594,0.5,0
Delhi,2002,5,Pre-Monsoon,33.75483870967742,40.74516129032258,26.49230769230769,14.326923076923077,128.8,4
Delhi,2002,6,Monsoon,33.49666666666666,39.128571428571426,28.416666666666668,10.773913043478261,7.1,2
Delhi,2002,7,Monsoon,34.66451612903226,39.40333333333333,30.62857142857143,8.892592592592592,0.0,0
Delhi,2002,8,Monsoon,30.419354838709676,34.763333333333335,27.150000000000002,7.6208333333333345,95.4,4
Delhi,2002,9,Monsoon,27.516666666666666,32.516666666666666,23.59166666666667,9.304166666666665,192.2,8
Delhi,2002,10,Post-Monsoon,25.596666666666668,33.114285714285714,19.755555555555556,13.408,1.0,0
Delhi,2002,11,Post-Monsoon,19.779999999999998,28.006666666666668,13.146428571428572,14.75,0.0,0
Delhi,2002,12,Winter,14.85483870967742,23.510344827586206,8.660714285714286,15.011538461538462,13.0,1
Delhi,2003,1,Winter,11.219354838709679,17.773333333333333,6.433333333333334,11.775,22.8,3
Delhi,2003,2,Winter,16.814285714285713,23.489285714285717,10.992,12.884,11.4,1
Delhi,2003,3,Pre-Monsoon,22.33225806451613,29.561290322580643,15.578571428571427,14.596428571428572,5.0,2
Delhi,2003,4,Pre-Monsoon,29.84333333333333,37.84827586206896,21.584615384615386,16.376,1.0,0
Delhi,2003,5,Pre-Monsoon,32.561290322580646,39.78666666666666,25.02692307692308,14.852,5.3999999999999995,1
Delhi,2003,6,Monsoon,33.98,39.9,27.98695652173913,12.713043478260872,100.3,6
Delhi,2003,7,Monsoon,29.741935483870968,33.85,26.237037037037037,7.311538461538462,631.5,16
Delhi,2003,8,Monsoon,29.63225806451613,33.79677419354839,26.66818181818182,7.118181818181819,69.2,9
Delhi,2003,9,Monsoon,28.32,32.61724137931034,25.017391304347825,7.990909090909091,84.2,7
Delhi,2003,10,Post-Monsoon,24.845161290322583,32.84,18.003703703703703,14.796153846153846,0.0,0
Delhi,2003,11,Post-Monsoon,18.503333333333334,28.113793103448273,11.75,16.400000000000002,0.0,0
Delhi,2003,12,Winter,14.383870967741935,20.73,9.504347826086956,12.113636363636363,29.9,1
Delhi,2004,1,Winter,12.922580645161291,18.729032258064517,8.187999999999999,11.048,17.1,5
Delhi,2004,2,Winter,17.76206896551724,25.625,10.75,14.92962962962963,0.0,0
Delhi,2004,3,Pre-Monsoon,25.219354838709677,33.63870967741936,17.06,16.543333333333333,0.0,0
Delhi,2004,4,Pre-Monsoon,30.116666666666667,37.720689655172414,22.824,15.258333333333333,37.1,2
Delhi,2004,5,Pre-Monsoon,32.61290322580645,39.31071428571429,25.403846153846153,13.93913043478261,26.9,1
Delhi,2004,6,Monsoon,31.94,37.793103448275865,26.384615384615383,11.5,69.0,4
Delhi,2004,7,Monsoon,32.73225806451613,37.809999999999995,28.415384615384614,9.396,4.0,1
Delhi,2004,8,Monsoon,29.458064516129035,33.68666666666667,26.21153846153846,7.444000000000001,260.7,13
Delhi,2004,9,Monsoon,29.720000000000002,35.35333333333333,24.88076923076923,10.507692307692308,3.0,1
Delhi,2004,10,Post-Monsoon,24.316129032258065,31.070967741935487,18.28846153846154,12.55,76.0,2
Delhi,2004,11,Post-Monsoon,19.523333333333333,28.57,12.507142857142856,16.064285714285713,0.0,0
Delhi,2004,12,Winter,15.40967741935484,23.01290322580645,9.457142857142857,13.728571428571428,0.0,0
Delhi,2005,1,Winter,13.44516129032258,20.103225806451615,7.5928571428571425,12.542857142857143,3.0,1
Delhi,2005,2,Winter,16.79642857142857,23.45357142857143,10.907407407407407,12.533333333333333,43.1,5
Delhi,2005,3,Pre-Monsoon,23.661290322580644,30.59333333333333,17.010344827586206,13.814285714285715,25.5,2
Delhi,2005,4,Pre-Monsoon,28.626666666666665,36.419999999999995,20.224137931034484,16.141379310344828,0.0,0
Delhi,2005,5,Pre-Monsoon,32.306451612903224,39.763333333333335,24.84333333333333,15.079310344827586,3.6,1
Delhi,2005,6,Monsoon,33.986666666666665,40.55172413793103,28.16,12.528000000000002,64.8,4
Delhi,2005,7,Monsoon,30.151612903225807,34.28666666666666,27.21923076923077,7.6230769230769235,162.4,10
Delhi,2005,8,Monsoon,31.451612903225808,35.751612903225805,27.392592592592592,8.392592592592594,70.1,2
Delhi,2005,9,Monsoon,28.783333333333335,34.09310344827586,25.185185185185187,9.151851851851852,205.3,9
Delhi,2005,10,Post-Monsoon,25.003225806451614,33.11612903225806,18.803448275862067,14.358620689655174,0.0,0
Delhi,2005,11,Post-Monsoon,19.416666666666668,28.824137931034482,12.082758620689654,16.739285714285714,0.0,0
Delhi,2005,12,Winter,13.035483870967743,22.662068965517243,5.9366666666666665,16.782142857142855,0.0,0
Delhi,2006,1,Winter,14.112903225806452,22.516129032258064,6.952000000000001,15.684000000000001,0.8,0
Delhi,2006,2,Winter,20.914285714285715,29.737037037037037,13.911111111111111,15.815384615384614,0.0,0
Delhi,2006,3,Pre-Monsoon,22.593548387096774,29.773333333333333,15.113333333333333,14.789655172413791,21.3,3
Delhi,2006,4,Pre-Monsoon,29.69333333333333,37.582142857142856,19.986206896551725,17.444444444444443,2.3,1
Delhi,2006,5,Pre-Monsoon,33.248387096774195,39.877419354838715,24.451612903225808,15.425806451612903,57.1,3
Delhi,2006,6,Monsoon,32.083333333333336,37.983333333333334,24.210714285714285,14.003571428571428,114.1,6
Delhi,2006,7,Monsoon,31.003225806451614,35.059999999999995,26.88148148148148,8.4,80.0,4
Delhi,2006,8,Monsoon,30.593548387096774,35.33870967741935,26.639285714285712,8.796428571428573,82.1,3
Delhi,2006,9,Monsoon,29.123333333333335,34.57586206896552,24.61851851851852,10.13846153846154,124.3,5
Delhi,2006,10,Post-Monsoon,26.138709677419353,33.47096774193548,20.307142857142857,13.414285714285715,3.3,1
Delhi,2006,11,Post-Monsoon,20.216666666666665,28.7,13.789285714285715,15.114285714285714,0.0,0
Delhi,2006,12,Winter,15.193548387096774,23.013333333333332,9.118518518518519,14.226923076923079,0.0,0
Delhi,2007,1,Winter,13.35483870967742,21.674193548387095,6.848148148148148,15.207407407407409,0.0,0
Delhi,2007,2,Winter,17.50357142857143,24.17037037037037,11.39090909090909,13.268181818181818,76.0,5
Delhi,2007,3,Pre-Monsoon,21.825806451612905,28.756666666666668,15.428571428571429,13.655555555555555,61.5,4
Delhi,2007,4,Pre-Monsoon,30.5,38.25,22.95925925925926,15.574074074074074,0.5,0
Delhi,2007,5,Pre-Monsoon,31.94193548387097,38.92068965517242,25.46666666666667,13.617391304347828,3.0,1
Delhi,2007,6,Monsoon,33.0,38.02068965517241,28.303846153846152,10.056000000000001,35.6,2
Delhi,2007,7,Monsoon,31.164516129032258,36.04666666666667,27.069565217391304,8.854545454545455,87.8,6
Delhi,2007,8,Monsoon,30.58709677419355,34.913333333333334,27.08076923076923,7.888461538461538,212.1,7
Delhi,2007,9,Monsoon,29.2,34.59666666666667,24.995833333333334,9.591666666666667,6.8999999999999995,1
Delhi,2007,10,Post-Monsoon,24.61935483870968,33.364285714285714,17.357692307692307,15.816666666666668,0.0,0
Delhi,2007,11,Post-Monsoon,19.53666666666667,28.790000000000003,12.432142857142859,16.41785714285714,0.0,0
Delhi,2007,12,Winter,14.44516129032258,22.700000000000003,7.756,15.184000000000001,0.0,0
Delhi,2008,1,Winter,12.996774193548386,20.806451612903224,5.895833333333333,14.758333333333333,2.0,1
Delhi,2008,2,Winter,15.675862068965518,23.92413793103448,8.084,15.632,3.0,1
Delhi,2008,3,Pre-Monsoon,25.070967741935487,33.49032258064516,17.19333333333333,16.516666666666666,0.0,0
Delhi,2008,4,Pre-Monsoon,28.776666666666664,36.43666666666666,21.389655172413793,15.317241379310344,39.0,4
Delhi,2008,5,Pre-Monsoon,30.393548387096775,36.906451612903226,24.366666666666664,12.833333333333334,118.4,7
Delhi,2008,6,Monsoon,30.296666666666667,35.29666666666667,26.432,9.16,92.4,9
Delhi,2008,7,Monsoon,30.693548387096776,35.42903225806452,26.808333333333334,8.579166666666666,146.2,10
Delhi,2008,8,Monsoon,29.629032258064516,33.943333333333335,26.430769230769233,7.419999999999999,191.2,7
Delhi,2008,9,Monsoon,28.583333333333332,34.093333333333334,24.424,10.012,164.4,6
Delhi,2008,10,Post-Monsoon,26.42258064516129,34.20666666666667,20.75172413793103,13.464285714285714,0.0,0
Delhi,2008,11,Post-Monsoon,19.566666666666666,28.73793103448276,12.889655172413793,16.017857142857142,3.0,1
Delhi,2008,12,Winter,16.23548387096774,24.36896551724138,9.896,14.78,0.0,0
Delhi,2009,1,Winter,14.761290322580644,22.196666666666665,9.26923076923077,13.184000000000001,6.3999999999999995,1
Delhi,2009,2,Winter,18.292857142857144,26.325,11.328571428571427,14.99642857142857,5.1,1
Delhi,2009,3,Pre-Monsoon,23.480645161290322,31.809677419354838,16.09,15.793333333333333,9.6,1
Delhi,2009,4,Pre-Monsoon,29.63,37.675862068965515,22.106896551724137,15.660714285714286,3.0,1
Delhi,2009,5,Pre-Monsoon,32.44193548387097,40.016129032258064,25.814814814814813,14.24074074074074,52.099999999999994,3
Delhi,2009,6,Monsoon,34.59,41.36785714285714,28.024,13.049999999999999,12.5,2
Delhi,2009,7,Monsoon,32.08709677419355,37.15806451612904,27.79259259259259,9.351851851851851,13.200000000000001,3
Delhi,2009,8,Monsoon,30.93548387096774,35.487096774193546,27.366666666666667,8.318518518518518,144.3,13
Delhi,2009,9,Monsoon,28.923333333333336,34.2037037037037,25.00740740740741,9.320833333333333,191.1,7
Delhi,2009,10,Post-Monsoon,25.06451612903226,33.0,18.907692307692308,14.457692307692307,0.0,0
Delhi,2009,11,Post-Monsoon,19.36,27.21333333333333,13.160714285714286,14.028571428571428,11.2,2
Delhi,2009,12,Winter,14.932258064516128,23.62258064516129,8.589655172413792,15.010344827586207,2.5,1
Delhi,2010,1,Winter,12.880645161290323,19.383333333333333,8.196296296296296,11.434615384615386,5.1,1
Delhi,2010,2,Winter,18.075,25.711111111111112,11.496153846153845,14.148,16.0,1
Delhi,2010,3,Pre-Monsoon,25.92258064516129,34.07419354838709,18.73793103448276,15.713793103448275,0.0,0
Delhi,2010,4,Pre-Monsoon,32.6,40.34814814814815,24.75357142857143,15.444444444444445,0.0,0
Delhi,2010,5,Pre-Monsoon,34.538709677419355,41.580000000000005,27.678571428571427,14.085185185185185,3.5,1
Delhi,2010,6,Monsoon,34.406666666666666,40.35666666666667,28.35769230769231,12.353846153846153,3.3,1
Delhi,2010,7,Monsoon,31.06451612903226,35.82,27.596153846153847,8.155999999999999,240.0,13
Delhi,2010,8,Monsoon,29.65806451612903,34.056666666666665,26.725925925925928,7.25,316.3,11
Delhi,2010,9,Monsoon,27.726666666666667,32.690000000000005,24.31904761904762,8.233333333333334,285.2,14
Delhi,2010,10,Post-Monsoon,26.041935483870965,32.95161290322581,20.986666666666668,11.946666666666665,0.0,0
Delhi,2010,11,Post-Monsoon,20.403333333333332,27.563333333333333,15.457692307692307,12.446153846153846,2.5,1
Delhi,2010,12,Winter,14.029032258064515,22.33,7.792857142857143,14.78888888888889,5.0,1
Delhi,2011,1,Winter,12.390322580645162,20.006451612903227,6.441379310344828,13.658620689655173,0.5,0
Delhi,2011,2,Winter,16.975,24.767857142857142,10.9,13.744000000000002,39.4,5
Delhi,2011,3,Pre-Monsoon,22.925806451612903,30.106896551724137,16.174193548387098,14.16551724137931,4.0,2
Delhi,2011,4,Pre-Monsoon,28.07,36.04666666666667,20.392857142857142,15.460714285714285,8.1,1
Delhi,2011,5,Pre-Monsoon,33.170967741935485,40.096774193548384,26.81111111111111,13.57777777777778,19.900000000000002,1
Delhi,2011,6,Monsoon,32.23,38.048,27.14782608695652,10.982608695652173,80.7,7
Delhi,2011,7,Monsoon,30.638709677419353,35.690322580645166,27.2625,8.370833333333332,16.299999999999997,3
Delhi,2011,8,Monsoon,29.89032258064516,34.63548387096775,26.75925925925926,8.144444444444444,178.29999999999998,11
Delhi,2011,9,Monsoon,29.223333333333336,34.28666666666667,25.355172413793102,8.848275862068967,182.7,7
Delhi,2011,10,Post-Monsoon,25.729032258064517,33.39354838709678,19.853571428571428,13.392857142857142,0.0,0
Delhi,2011,11,Post-Monsoon,20.88,29.316666666666666,14.775,14.507142857142856,0.0,0
Delhi,2011,12,Winter,14.561290322580644,24.073333333333334,7.924137931034483,16.121428571428574,0.5,0
Delhi,2012,1,Winter,12.87741935483871,20.15806451612903,7.21304347826087,12.878260869565217,13.8,2
Delhi,2012,2,Winter,16.30344827586207,24.272413793103446,9.825000000000001,14.382142857142858,2.0,1
Delhi,2012,3,Pre-Monsoon,22.961290322580645,31.629032258064516,14.993103448275862,16.489655172413794,6.1,1
Delhi,2012,4,Pre-Monsoon,28.336666666666666,35.836666666666666,21.607692307692307,14.38846153846154,19.5,3
Delhi,2012,5,Pre-Monsoon,33.561290322580646,41.18387096774194,25.923076923076923,15.092307692307694,2.0,1
Delhi,2012,6,Monsoon,36.16,42.10333333333333,30.24074074074074,11.685185185185185,3.6,1
Delhi,2012,7,Monsoon,31.938709677419357,37.13,28.313636363636363,8.647619047619047,93.6,7
Delhi,2012,8,Monsoon,29.306451612903224,33.666666666666664,26.049999999999997,7.423076923076923,375.59999999999997,17
Delhi,2012,9,Monsoon,29.163333333333334,34.263333333333335,24.946428571428573,9.321428571428571,32.9,4
Delhi,2012,10,Post-Monsoon,24.86774193548387,32.690000000000005,18.162068965517243,14.207142857142857,0.0,0
Delhi,2012,11,Post-Monsoon,18.863333333333333,27.746666666666666,12.213333333333335,15.533333333333333,1.0,0
Delhi,2012,12,Winter,14.72258064516129,23.038709677419355,9.107407407407408,14.488888888888889,3.3,1
Delhi,2013,1,Winter,12.154838709677419,19.65806451612903,6.083333333333333,13.53,34.1,2
Delhi,2013,2,Winter,16.83214285714286,23.70740740740741,10.660869565217391,13.165217391304349,104.9,7
Delhi,2013,3,Pre-Monsoon,23.183870967741935,31.570967741935487,15.85,15.65,0.5,0
Delhi,2013,4,Pre-Monsoon,29.043333333333337,36.86666666666667,21.07241379310345,15.713793103448275,2.0,1
Delhi,2013,5,Pre-Monsoon,33.75806451612903,41.91034482758621,26.225925925925928,16.004,0.0,0
Delhi,2013,6,Monsoon,32.52,39.02068965517241,27.295833333333334,11.51304347826087,100.1,5
Delhi,2013,7,Monsoon,30.661290322580644,35.86666666666667,26.692592592592593,9.184615384615386,341.1,14
Delhi,2013,8,Monsoon,29.583870967741937,34.093548387096774,25.910344827586208,8.210344827586209,268.7,10
Delhi,2013,9,Monsoon,29.89333333333333,35.123333333333335,24.95925925925926,10.329629629629629,61.5,3
Delhi,2013,10,Post-Monsoon,26.325806451612905,33.02903225806452,20.541935483870965,12.48709677419355,70.1,3
Delhi,2013,11,Post-Monsoon,18.756666666666668,27.540000000000003,12.156666666666666,15.383333333333333,0.5,0
Delhi,2013,12,Winter,15.141935483870967,22.887096774193548,8.96206896551724,14.024137931034483,6.3999999999999995,1
Delhi,2014,1,Winter,13.383870967741935,20.241935483870968,8.222222222222221,12.203703703703704,4.1,1
Delhi,2014,2,Winter,15.796428571428573,23.542857142857144,9.404,13.952,48.300000000000004,3
Delhi,2014,3,Pre-Monsoon,21.635483870967743,28.770967741935483,15.039285714285715,14.014285714285714,20.1,2
Delhi,2014,4,Pre-Monsoon,28.073333333333334,35.95172413793103,19.78620689655172,16.1,9.899999999999999,2
Delhi,2014,5,Pre-Monsoon,31.6,39.04827586206897,24.12,15.07391304347826,44.0,6
Delhi,2014,6,Monsoon,34.85,41.766666666666666,27.911538461538463,13.91923076923077,35.9,3
Delhi,2014,7,Monsoon,32.05806451612903,37.55806451612903,27.52962962962963,9.929629629629629,12.7,2
Delhi,2014,8,Monsoon,31.4741935483871,36.63548387096775,27.04642857142857,9.728571428571428,11.9,2
Delhi,2014,9,Monsoon,29.75,35.04,24.985714285714288,10.153571428571428,55.2,4
Delhi,2014,10,Post-Monsoon,26.53548387096774,33.916666666666664,19.946666666666665,13.920689655172414,0.5,0
Delhi,2014,11,Post-Monsoon,19.84333333333333,29.25,12.027586206896553,17.213793103448275,0.0,0
Delhi,2014,12,Winter,13.85483870967742,22.176666666666666,7.888888888888889,14.100000000000001,13.0,1
Delhi,2015,1,Winter,12.780645161290321,18.91290322580645,7.930769230769231,11.23076923076923,24.599999999999998,4
Delhi,2015,2,Winter,18.789285714285715,26.567857142857143,11.735999999999999,14.752,2.0,1
Delhi,2015,3,Pre-Monsoon,21.57741935483871,28.83103448275862,14.92222222222222,13.464,82.8,4
Delhi,2015,4,Pre-Monsoon,27.986666666666668,35.748275862068965,21.015384615384615,14.946153846153846,27.1,5
Delhi,2015,5,Pre-Monsoon,33.60967741935484,41.32666666666667,25.615384615384617,16.012,0.3,0
Delhi,2015,6,Monsoon,32.53333333333333,39.484,26.295833333333334,13.635,51.8,3
Delhi,2015,7,Monsoon,30.45483870967742,35.41034482758621,25.822222222222223,9.436,235.5,11
Delhi,2015,8,Monsoon,30.438709677419357,35.19666666666667,26.656,8.708333333333334,273.9,10
Delhi,2015,9,Monsoon,30.67,36.34666666666667,25.993333333333332,10.353333333333333,22.1,1
Delhi,2015,10,Post-Monsoon,26.88064516129032,34.593548387096774,20.666666666666668,14.203333333333331,0.0,0
Delhi,2015,11,Post-Monsoon,20.796666666666667,29.41,14.42222222222222,15.04814814814815,1.0,0
Delhi,2015,12,Winter,16.12258064516129,23.6,8.832258064516129,14.76774193548387,0.0,0
Delhi,2016,1,Winter,15.654838709677419,22.625806451612902,9.119354838709677,13.506451612903225,0.0,0
Delhi,2016,2,Winter,19.010344827586206,26.76551724137931,11.185714285714285,15.657142857142857,1.3,0
Delhi,2016,3,Pre-Monsoon,25.729032258064517,33.08709677419355,17.34,15.766666666666667,25.2,3
Delhi,2016,4,Pre-Monsoon,32.516666666666666,39.675862068965515,23.21034482758621,16.567857142857143,0.0,0
Delhi,2016,5,Pre-Monsoon,34.667741935483875,41.84193548387096,26.39032258064516,15.451612903225806,29.799999999999997,5
Delhi,2016,6,Monsoon,34.94666666666667,41.04,28.52,12.52,23.9,4
Delhi,2016,7,Monsoon,30.86451612903226,35.84666666666667,27.174193548387095,8.633333333333333,184.7,9
Delhi,2016,8,Monsoon,30.861290322580647,35.23548387096774,26.66774193548387,8.567741935483872,123.89999999999999,10
Delhi,2016,9,Monsoon,31.126666666666665,35.81333333333334,25.740000000000002,10.073333333333332,69.1,2
Delhi,2016,10,Post-Monsoon,28.0258064516129,35.0258064516129,20.4,14.625806451612902,0.0,0
Delhi,2016,11,Post-Monsoon,21.84,29.923333333333336,12.673333333333334,17.25,0.0,0
Delhi,2016,12,Winter,17.041935483870965,24.96451612903226,9.374193548387098,15.59032258064516,0.0,0
Delhi,2017,1,Winter,15.274193548387096,22.187096774193545,8.69032258064516,13.496774193548386,33.3,2
Delhi,2017,2,Winter,19.432142857142857,26.607142857142858,11.614285714285714,14.992857142857144,0.0,0
Delhi,2017,3,Pre-Monsoon,24.458064516129035,31.961290322580645,15.86774193548387,16.093548387096774,10.399999999999999,3
Delhi,2017,4,Pre-Monsoon,32.05,39.88,23.256666666666668,16.623333333333335,2.0,1
Delhi,2017,5,Pre-Monsoon,33.94516129032258,41.81935483870968,26.06451612903226,15.754838709677419,23.4,3
Delhi,2017,6,Monsoon,32.89666666666667,39.763333333333335,26.97241379310345,13.079310344827586,181.3,11
Delhi,2017,7,Monsoon,31.425806451612903,36.41724137931034,27.400000000000002,8.97037037037037,171.4,13
Delhi,2017,8,Monsoon,31.048387096774192,35.49032258064516,26.948387096774194,8.541935483870969,30.5,3
Delhi,2017,9,Monsoon,30.433333333333334,35.57333333333334,25.43,10.143333333333334,81.3,3
Delhi,2017,10,Post-Monsoon,27.325806451612905,35.3258064516129,19.816129032258065,15.509677419354837,0.0,0
Delhi,2017,11,Post-Monsoon,19.023333333333333,28.403448275862072,12.79,15.49655172413793,1.0,0
Delhi,2017,12,Winter,15.574193548387097,24.54516129032258,8.951612903225806,15.593548387096773,7.9,1
Delhi,2018,1,Winter,13.67741935483871,22.67096774193548,7.0,15.670967741935485,4.1,1
Delhi,2018,2,Winter,18.160714285714285,27.00357142857143,11.178571428571429,15.825000000000001,0.0,0
Delhi,2018,3,Pre-Monsoon,24.603225806451615,33.880645161290325,16.94516129032258,16.93548387096774,0.0,0
Delhi,2018,4,Pre-Monsoon,29.743333333333332,38.800000000000004,22.13103448275862,16.592857142857145,14.2,3
Delhi,2018,5,Pre-Monsoon,32.82258064516129,41.806451612903224,25.43448275862069,16.50344827586207,8.2,2
Delhi,2018,6,Monsoon,34.343333333333334,40.79666666666667,29.32,11.476666666666667,34.0,3
Delhi,2018,7,Monsoon,31.14516129032258,36.266666666666666,27.273333333333333,8.986206896551725,262.5,13
Delhi,2018,8,Monsoon,30.4741935483871,34.832258064516125,27.248387096774195,7.583870967741936,202.3,13
Delhi,2018,9,Monsoon,28.346666666666668,33.373333333333335,24.426666666666666,8.946666666666665,226.1,13
Delhi,2018,10,Post-Monsoon,25.97741935483871,33.438709677419354,18.58709677419355,14.851612903225806,0.0,0
Delhi,2018,11,Post-Monsoon,21.490000000000002,28.796666666666667,13.396666666666667,15.4,8.399999999999999,1
Delhi,2018,12,Winter,14.883870967741935,23.219354838709677,6.725806451612903,16.493548387096773,1.5,0
Delhi,2019,1,Winter,13.674193548387096,21.687096774193545,6.938709677419355,14.748387096774193,54.0,5
Delhi,2019,2,Winter,16.72142857142857,23.425,10.582142857142857,12.842857142857143,22.599999999999998,4
Delhi,2019,3,Pre-Monsoon,22.396774193548385,29.083870967741937,13.80967741935484,15.274193548387096,11.5,1
Delhi,2019,4,Pre-Monsoon,30.986666666666668,38.04333333333333,21.663333333333334,16.38,9.4,1
Delhi,2019,5,Pre-Monsoon,33.45161290322581,40.351612903225806,24.04516129032258,16.306451612903224,26.1,5
Delhi,2019,6,Monsoon,35.68333333333333,41.586666666666666,28.083333333333332,13.503333333333334,11.4,1
Delhi,2019,7,Monsoon,31.835483870967742,36.854838709677416,27.34193548387097,9.512903225806452,168.6,11
Delhi,2019,8,Monsoon,31.125806451612902,35.66129032258065,26.693548387096776,8.96774193548387,116.5,9
Delhi,2019,9,Monsoon,30.733333333333334,35.46666666666667,26.376666666666665,9.09,41.0,3
Delhi,2019,10,Post-Monsoon,26.848387096774193,32.832258064516125,19.82903225806452,13.003225806451614,49.0,2
Delhi,2019,11,Post-Monsoon,20.81,28.759999999999998,15.05,13.71,0.3,0
Delhi,2019,12,Winter,12.5,19.396774193548385,7.496774193548387,11.899999999999999,34.5,1
Delhi,2020,1,Winter,13.26774193548387,20.30322580645161,8.012903225806452,12.290322580645162,37.1,5
Delhi,2020,2,Winter,16.834482758620688,24.682758620689654,9.86896551724138,14.813793103448274,2.0,1
Delhi,2020,3,Pre-Monsoon,21.529032258064515,28.66774193548387,14.95483870967742,13.712903225806452,185.0,5
Delhi,2020,4,Pre-Monsoon,27.87,35.836666666666666,19.983333333333334,15.853333333333333,30.700000000000003,3
Delhi,2020,5,Pre-Monsoon,31.793548387096774,40.04516129032258,23.993548387096773,16.051612903225806,25.4,3
Delhi,2020,6,Monsoon,33.13333333333333,39.019999999999996,26.653333333333332,12.366666666666667,62.1,5
Delhi,2020,7,Monsoon,31.76774193548387,36.903225806451616,26.858064516129033,10.045161290322582,222.1,8
Delhi,2020,8,Monsoon,30.793548387096774,35.21612903225807,26.503225806451614,8.712903225806452,201.9,9
Delhi,2020,9,Monsoon,31.84333333333333,36.6,25.613333333333333,10.986666666666666,20.900000000000002,1
Delhi,2020,10,Post-Monsoon,26.958064516129035,34.7,17.229032258064517,17.470967741935485,0.0,0
Delhi,2020,11,Post-Monsoon,18.603333333333335,28.08,10.206666666666667,17.873333333333335,2.0,1
Delhi,2020,12,Winter,14.387096774193548,23.758064516129032,7.009677419354839,16.748387096774195,0.0,0
Delhi,2021,1,Winter,12.816129032258065,20.177419354838708,6.932258064516129,13.245161290322581,111.5,5
Delhi,2021,2,Winter,19.560714285714287,28.060714285714287,10.62142857142857,17.439285714285713,3.0,1
Delhi,2021,3,Pre-Monsoon,25.693548387096776,33.46451612903226,17.5,15.964516129032257,12.9,2
Delhi,2021,4,Pre-Monsoon,28.666666666666668,37.35333333333333,20.176666666666666,17.176666666666666,2.0,1
Delhi,2021,5,Pre-Monsoon,30.461290322580645,37.49677419354839,24.103225806451615,13.393548387096773,148.0,6
Delhi,2021,6,Monsoon,32.443333333333335,38.330000000000005,26.86,11.47,30.0,3
Delhi,2021,7,Monsoon,31.55483870967742,36.777419354838706,26.748387096774195,10.029032258064516,479.4,15
Delhi,2021,8,Monsoon,31.051612903225806,34.961290322580645,27.358064516129033,7.603225806451612,192.20000000000002,5
Delhi,2021,9,Monsoon,29.17666666666667,33.70666666666667,25.69,8.016666666666667,173.8,10
Delhi,2021,10,Post-Monsoon,25.990322580645163,32.851612903225806,21.09032258064516,11.761290322580644,92.7,2
Delhi,2021,11,Post-Monsoon,18.846666666666668,27.33,13.16,14.17,0.0,0
Delhi,2021,12,Winter,14.341935483870968,22.148387096774194,9.19032258064516,12.958064516129031,7.8999999999999995,2
Delhi,2022,1,Winter,12.687096774193549,18.46451612903226,8.76774193548387,9.696774193548388,88.0,6
Delhi,2022,2,Winter,16.875,24.675,10.424999999999999,14.25,29.4,2
Delhi,2022,3,Pre-Monsoon,25.348387096774193,33.08064516129032,18.519354838709678,14.561290322580644,0.0,0
Delhi,2022,4,Pre-Monsoon,31.476666666666667,40.373333333333335,23.256666666666668,17.116666666666667,0.3,0
Delhi,2022,5,Pre-Monsoon,33.11612903225806,40.37096774193548,26.593548387096774,13.77741935483871,28.7,2
Delhi,2022,6,Monsoon,33.723333333333336,40.29,28.276666666666664,12.013333333333332,25.9,5
Delhi,2022,7,Monsoon,31.436,35.384,27.764,7.62,210.7,14
Lucknow,1990,1,Winter,15.880645161290323,25.28666666666667,8.4,17.333333333333332,0.0,0
Lucknow,1990,2,Winter,17.859259259259257,25.565217391304348,11.58125,14.0,53.4,5
Lucknow,1990,3,Pre-Monsoon,22.206666666666667,30.636666666666667,14.63888888888889,17.066666666666666,0.8,0
Lucknow,1990,4,Pre-Monsoon,29.0,38.45909090909091,18.925,18.580000000000002,0.0,0
Lucknow,1990,5,Pre-Monsoon,31.392857142857142,39.05925925925926,25.9625,13.850000000000001,6.1,1
Lucknow,1990,6,Monsoon,33.412,39.408,28.166666666666668,12.366666666666665,4.5,1
Lucknow,1990,7,Monsoon,28.614285714285717,32.84090909090909,25.6,6.124999999999998,494.2,16
Lucknow,1990,8,Monsoon,29.323333333333334,33.768,25.755555555555556,8.083333333333334,13.8,3
Lucknow,1990,9,Monsoon,28.069565217391304,33.355000000000004,25.240000000000002,7.880000000000001,264.2,6
Lucknow,1990,10,Post-Monsoon,24.666666666666668,33.108695652173914,17.240000000000002,15.4,62.5,2
Lucknow,1990,11,Post-Monsoon,20.43,31.42777777777778,13.15,17.8,0.0,0
Lucknow,1990,12,Winter,16.079166666666666,25.669999999999998,8.125,18.025,18.0,2
Lucknow,1991,1,Winter,13.880645161290323,23.510344827586206,6.428571428571429,17.26923076923077,0.8,0
Lucknow,1991,2,Winter,19.22222222222222,27.804000000000002,10.927272727272728,16.90909090909091,32.3,2
Lucknow,1991,3,Pre-Monsoon,23.215384615384615,32.36363636363637,15.278571428571428,16.592307692307692,12.2,2
Lucknow,1991,4,Pre-Monsoon,29.895,39.16842105263158,20.253846153846155,18.73076923076923,0.5,0
Lucknow,1991,5,Pre-Monsoon,33.668965517241375,42.36666666666667,26.0,15.944444444444445,5.6,2
Lucknow,1991,6,Monsoon,32.510000000000005,39.49666666666667,27.544444444444444,13.411111111111111,30.200000000000003,3
Lucknow,1991,7,Monsoon,31.706451612903226,37.96,27.041666666666668,10.808333333333332,15.0,2
Lucknow,1991,8,Monsoon,28.40357142857143,33.096296296296295,25.47142857142857,7.504761904761905,464.90000000000003,15
Lucknow,1991,9,Monsoon,28.18846153846154,34.012,24.354545454545452,9.99047619047619,142.4,6
Lucknow,1991,10,Post-Monsoon,24.55666666666667,33.96785714285714,17.311764705882354,16.93125,0.0,0
Lucknow,1991,11,Post-Monsoon,18.93,28.675862068965518,12.083333333333334,16.6125,69.4,3
Lucknow,1991,12,Winter,15.71,25.32592592592593,9.715789473684211,16.016666666666666,67.0,4
Lucknow,1992,1,Winter,15.048387096774194,24.303448275862067,8.95,15.91,0.0,0
Lucknow,1992,2,Winter,16.444827586206895,24.803571428571427,8.970588235294118,15.6875,18.8,2
Lucknow,1992,3,Pre-Monsoon,23.86774193548387,33.58275862068965,15.0,18.28235294117647,0.0,0
Lucknow,1992,4,Pre-Monsoon,30.146666666666665,38.94666666666667,20.293333333333333,18.279999999999998,0.0,0
Lucknow,1992,5,Pre-Monsoon,31.283333333333335,39.38965517241379,23.664285714285715,16.007142857142856,0.5,0
Lucknow,1992,6,Monsoon,33.17,40.45333333333333,25.938888888888886,14.25,39.5,5
Lucknow,1992,7,Monsoon,29.73225806451613,35.50689655172414,25.80625,9.2125,116.2,11
Lucknow,1992,8,Monsoon,29.19677419354839,34.51379310344827,26.05,8.450000000000001,163.9,7
Lucknow,1992,9,Monsoon,28.076666666666664,34.230000000000004,23.79375,10.131250000000001,172.7,3
Lucknow,1992,10,Post-Monsoon,24.700000000000003,33.296551724137935,18.15294117647059,14.6,43.699999999999996,3
Lucknow,1992,11,Post-Monsoon,20.444827586206895,29.54074074074074,13.992307692307692,16.136363636363637,0.0,0
Lucknow,1992,12,Winter,15.59,25.127586206896552,8.221428571428572,16.785714285714285,0.0,0
Lucknow,1993,1,Winter,14.706451612903225,23.403333333333332,7.876470588235295,15.9,0.0,0
Lucknow,1993,2,Winter,18.84642857142857,28.3,11.146666666666667,17.006666666666668,5.3,1
Lucknow,1993,3,Pre-Monsoon,21.296666666666667,30.517857142857142,13.731250000000001,16.7,34.8,3
Lucknow,1993,4,Pre-Monsoon,28.383333333333333,38.27333333333333,19.34,18.766666666666666,0.0,0
Lucknow,1993,5,Pre-Monsoon,31.458064516129035,40.675862068965515,23.06,16.15,22.1,3
Lucknow,1993,6,Monsoon,31.44,39.13214285714286,26.345454545454547,12.677777777777777,95.0,5
Lucknow,1993,7,Monsoon,30.413333333333334,35.78214285714286,25.9375,9.479999999999999,102.3,7
Lucknow,1993,8,Monsoon,29.716129032258067,35.227586206896554,25.65,9.1,32.7,4
Lucknow,1993,9,Monsoon,27.13,32.10344827586207,23.577777777777776,8.541176470588237,665.6,14
Lucknow,1993,10,Post-Monsoon,25.287096774193547,34.303225806451614,18.178571428571427,15.778571428571428,0.0,0
Lucknow,1993,11,Post-Monsoon,20.36,30.576666666666664,13.049999999999999,17.783333333333335,0.0,0
Lucknow,1993,12,Winter,15.883333333333333,26.142857142857142,7.730769230769231,18.191666666666666,0.0,0
Lucknow,1994,1,Winter,15.567741935483872,24.32903225806452,9.384615384615385,15.476923076923075,24.6,4
Lucknow,1994,2,Winter,17.314285714285713,26.48888888888889,9.661538461538461,17.025,21.1,3
Lucknow,1994,3,Pre-Monsoon,24.416129032258063,34.07741935483871,15.011764705882353,18.68235294117647,50.0,1
Lucknow,1994,4,Pre-Monsoon,28.33448275862069,38.1,19.714285714285715,18.526315789473685,7.3,2
Lucknow,1994,5,Pre-Monsoon,32.973333333333336,41.43214285714286,24.655,16.416666666666668,59.099999999999994,3
Lucknow,1994,6,Monsoon,32.733333333333334,39.628571428571426,26.91875,12.419999999999998,54.0,5
Lucknow,1994,7,Monsoon,29.383870967741935,34.906451612903226,25.55652173913043,9.299999999999999,385.0,16
Lucknow,1994,8,Monsoon,28.94,33.69655172413793,25.5375,7.58125,177.29999999999998,11
Lucknow,1994,9,Monsoon,27.93,34.165517241379305,23.036363636363635,11.18095238095238,0.3,0
Lucknow,1994,10,Post-Monsoon,24.529999999999998,34.24666666666667,16.942857142857143,16.84285714285714,0.0,0
Lucknow,1994,11,Post-Monsoon,19.90666666666667,30.313333333333333,13.200000000000001,17.7,0.0,0
Lucknow,1994,12,Winter,15.803225806451612,26.312903225806455,8.805555555555555,17.47222222222222,0.0,0
Lucknow,1995,1,Winter,13.668965517241379,22.474999999999998,7.4071428571428575,14.561538461538463,3.3,1
Lucknow,1995,2,Winter,17.90357142857143,27.02592592592593,10.858823529411765,16.4375,3.4000000000000004,1
Lucknow,1995,3,Pre-Monsoon,23.13,32.18666666666667,14.157142857142857,16.985714285714288,0.0,0
Lucknow,1995,4,Pre-Monsoon,30.288888888888888,39.22608695652173,19.836363636363636,19.37777777777778,1.0,0
Lucknow,1995,5,Pre-Monsoon,34.75666666666667,42.8551724137931,27.157142857142855,15.766666666666666,0.0,0
Lucknow,1995,6,Monsoon,34.80416666666667,42.96666666666667,28.281818181818185,15.509090909090908,59.4,3
Lucknow,1995,7,Monsoon,30.006451612903227,35.262068965517244,26.139999999999997,8.625000000000002,99.2,6
Lucknow,1995,8,Monsoon,28.7,33.628571428571426,25.939999999999998,7.5200000000000005,145.3,10
Lucknow,1995,9,Monsoon,28.332142857142856,33.949999999999996,23.97142857142857,7.574999999999998,64.0,3
Lucknow,1995,10,Post-Monsoon,26.253333333333334,34.95333333333333,17.66,16.04,0.0,0
Lucknow,1995,11,Post-Monsoon,20.623333333333335,30.323333333333334,14.5,17.4,0.0,0
Lucknow,1995,12,Winter,16.67096774193548,25.80322580645161,8.657142857142857,16.657142857142855,0.0,0
Lucknow,1996,1,Winter,14.832258064516129,23.22222222222222,8.799999999999999,13.033333333333333,93.8,3
Lucknow,1996,2,Winter,17.586206896551722,25.97142857142857,,,31.1,5
Lucknow,1996,3,Pre-Monsoon,23.276470588235295,33.153333333333336,13.566666666666668,15.25,0.0,0
Lucknow,1996,4,Pre-Monsoon,29.833333333333332,38.84166666666667,18.633333333333333,19.0,0.3,0
Lucknow,1996,5,Pre-Monsoon,34.016129032258064,42.28214285714286,24.116666666666664,17.416666666666668,0.3,0
Lucknow,1996,6,Monsoon,32.80769230769231,39.41304347826087,27.133333333333336,12.7,51.0,5
Lucknow,1996,7,Monsoon,30.08,34.637499999999996,25.807692307692307,8.944444444444445,100.1,10
Lucknow,1996,8,Monsoon,28.81935483870968,33.244827586206895,25.04,9.8,128.8,6
Lucknow,1996,9,Monsoon,28.57,33.90344827586207,24.099999999999998,9.466666666666667,68.7,5
Lucknow,1996,10,Post-Monsoon,24.970000000000002,31.779310344827586,19.7,11.885714285714286,0.3,0
Lucknow,1996,11,Post-Monsoon,20.676666666666666,30.148275862068964,11.125,18.625,0.0,0
Lucknow,1996,12,Winter,15.53225806451613,25.493333333333332,6.933333333333334,18.099999999999998,2.0,1
Lucknow,1997,1,Winter,14.229032258064517,23.055172413793105,4.966666666666667,20.1,7.9,1
Lucknow,1997,2,Winter,17.732142857142858,26.63214285714286,9.225,17.375,2.8,2
Lucknow,1997,3,Pre-Monsoon,23.133333333333333,32.11538461538461,14.316666666666668,17.759999999999998,0.5,0
Lucknow,1997,4,Pre-Monsoon,28.470000000000002,36.88148148148148,19.325000000000003,19.075,0.8,0
Lucknow,1997,5,Pre-Monsoon,32.29032258064516,40.4,23.6,17.799999999999997,34.3,3
Lucknow,1997,6,Monsoon,33.09,39.547999999999995,25.1,17.799999999999997,33.0,3
Lucknow,1997,7,Monsoon,30.05806451612903,35.23548387096774,25.78,9.819999999999999,194.29999999999998,13
Lucknow,1997,8,Monsoon,29.24516129032258,34.142857142857146,25.3,8.63,116.4,8
Lucknow,1997,9,Monsoon,27.87,33.284615384615385,23.90909090909091,10.027272727272727,197.7,8
Lucknow,1997,10,Post-Monsoon,24.06451612903226,31.806896551724137,18.35,13.55,83.3,3
Lucknow,1997,11,Post-Monsoon,19.826666666666664,27.682142857142857,13.15,12.416666666666666,41.1,2
Lucknow,1997,12,Winter,14.187096774193549,19.76666666666667,8.755555555555555,11.933333333333334,65.0,2
Lucknow,1998,1,Winter,13.209677419354838,21.125,6.92,15.177777777777777,21.1,1
Lucknow,1998,2,Winter,17.84642857142857,26.542857142857144,10.427272727272728,15.336363636363636,11.9,1
Lucknow,1998,3,Pre-Monsoon,21.5,30.084615384615386,16.266666666666666,15.616666666666667,17.5,4
Lucknow,1998,4,Pre-Monsoon,29.15666666666667,37.955555555555556,20.3375,16.533333333333335,4.0,2
Lucknow,1998,5,Pre-Monsoon,32.87096774193548,40.7,27.1,16.6,469.1,2
Lucknow,1998,6,Monsoon,33.45333333333333,40.16206896551724,27.325,13.891666666666666,23.299999999999997,5
Lucknow,1998,7,Monsoon,29.66774193548387,34.83793103448276,24.90666666666667,9.733333333333333,332.3,17
Lucknow,1998,8,Monsoon,29.148275862068964,33.96666666666667,25.32857142857143,9.966666666666667,220.5,7
Lucknow,1998,9,Monsoon,29.15666666666667,34.522222222222226,24.962500000000002,9.9625,92.0,5
Lucknow,1998,10,Post-Monsoon,27.141935483870967,33.63,22.32,11.91,8.6,2
Lucknow,1998,11,Post-Monsoon,21.94333333333333,29.8,14.761538461538462,15.200000000000001,6.1,2
Lucknow,1998,12,Winter,15.216129032258063,24.033333333333335,8.379999999999999,16.23,0.0,0
Lucknow,1999,1,Winter,13.126666666666667,21.48846153846154,7.470000000000001,15.233333333333333,17.0,2
Lucknow,1999,2,Winter,18.889285714285712,27.557692307692307,12.814285714285715,15.716666666666667,4.0,2
Lucknow,1999,3,Pre-Monsoon,24.961290322580645,34.9448275862069,16.8,18.715384615384615,0.0,0
Lucknow,1999,4,Pre-Monsoon,31.503703703703703,40.980000000000004,22.15,18.555555555555557,0.0,0
Lucknow,1999,5,Pre-Monsoon,33.29354838709677,40.84827586206896,25.983333333333334,16.01666666666667,1.5,0
Lucknow,1999,6,Monsoon,32.97666666666667,39.92608695652174,26.5,13.100000000000001,19.5,4
Lucknow,1999,7,Monsoon,30.503225806451614,36.81666666666667,26.360000000000003,10.780000000000001,169.39999999999998,10
Lucknow,1999,8,Monsoon,29.45483870967742,34.52068965517241,25.97142857142857,8.642857142857142,88.2,12
Lucknow,1999,9,Monsoon,28.126666666666665,33.3074074074074,25.083333333333332,7.980000000000001,252.1,14
Lucknow,1999,10,Post-Monsoon,25.870967741935484,33.135714285714286,20.116666666666667,13.233333333333333,29.700000000000003,3
Lucknow,1999,11,Post-Monsoon,20.273333333333333,30.43,13.516666666666666,16.900000000000002,0.0,0
Lucknow,1999,12,Winter,16.51290322580645,25.99642857142857,9.466666666666667,17.166666666666668,9.9,1
Lucknow,2000,1,Winter,14.209677419354838,22.925925925925927,9.014285714285714,16.55,6.1,1
Lucknow,2000,2,Winter,16.13448275862069,25.48888888888889,8.73125,17.314285714285713,0.0,0
Lucknow,2000,3,Pre-Monsoon,22.674193548387095,32.580769230769235,14.14,19.07222222222222,2.5,0
Lucknow,2000,4,Pre-Monsoon,30.05666666666667,39.7962962962963,20.652631578947368,19.299999999999997,6.3999999999999995,1
Lucknow,2000,5,Pre-Monsoon,32.5258064516129,40.258620689655174,25.514285714285712,14.394736842105264,114.30000000000001,7
Lucknow,2000,6,Monsoon,30.25,36.11818181818182,25.50588235294118,10.030769230769229,188.2,11
Lucknow,2000,7,Monsoon,29.29032258064516,34.66428571428572,25.55,9.004999999999999,244.29999999999998,12
Lucknow,2000,8,Monsoon,29.583870967741937,34.51428571428571,25.80454545454546,8.733333333333334,481.4,7
Lucknow,2000,9,Monsoon,28.19,33.92857142857143,24.11818181818182,9.619047619047619,62.0,6
Lucknow,2000,10,Post-Monsoon,26.52258064516129,35.067741935483866,19.848,15.267999999999999,0.0,0
Lucknow,2000,11,Post-Monsoon,21.80666666666667,30.925925925925927,14.332,16.808695652173913,0.0,0
Lucknow,2000,12,Winter,16.53548387096774,26.082758620689653,8.5,17.56923076923077,0.0,0
Lucknow,2001,1,Winter,13.35483870967742,22.2,6.404347826086957,16.80909090909091,0.0,0
Lucknow,2001,2,Winter,18.646428571428572,28.034615384615385,10.134782608695652,17.933333333333334,0.0,0
Lucknow,2001,3,Pre-Monsoon,23.39032258064516,33.285714285714285,14.248,19.177272727272726,0.0,0
Lucknow,2001,4,Pre-Monsoon,29.806896551724137,39.121428571428574,20.18,19.04583333333333,3.8,1
Lucknow,2001,5,Pre-Monsoon,31.62258064516129,39.02413793103448,24.715999999999998,14.504166666666668,31.0,3
Lucknow,2001,6,Monsoon,30.086666666666666,35.975,25.672727272727272,10.033333333333333,185.2,10
Lucknow,2001,7,Monsoon,29.493548387096773,34.68064516129032,26.179310344827588,8.589655172413792,109.19999999999999,7
Lucknow,2001,8,Monsoon,29.729032258064517,35.080000000000005,25.795833333333334,9.352173913043476,161.7,10
Lucknow,2001,9,Monsoon,29.773333333333333,35.913333333333334,23.977777777777778,11.874074074074075,26.7,4
Lucknow,2001,10,Post-Monsoon,26.387096774193548,33.727586206896554,20.776666666666664,12.796428571428573,134.1,2
Lucknow,2001,11,Post-Monsoon,21.420689655172417,30.253846153846155,13.48,16.647826086956524,7.9,1
Lucknow,2001,12,Winter,15.745161290322581,24.446666666666665,9.368,15.852,0.0,0
Lucknow,2002,1,Winter,15.061290322580644,23.067857142857143,7.770833333333333,15.582608695652175,7.1,2
Lucknow,2002,2,Winter,18.860714285714288,27.057142857142857,11.399999999999999,15.759090909090908,21.0,2
Lucknow,2002,3,Pre-Monsoon,24.516129032258064,33.19230769230769,15.566666666666668,17.823809523809523,0.0,0
Lucknow,2002,4,Pre-Monsoon,30.137931034482758,39.12592592592593,21.508695652173913,17.876190476190477,0.0,0
Lucknow,2002,5,Pre-Monsoon,32.487096774193546,40.27333333333333,25.05185185185185,15.225925925925925,5.699999999999999,1
Lucknow,2002,6,Monsoon,32.689655172413794,39.65416666666667,26.6,12.984210526315788,20.3,3
Lucknow,2002,7,Monsoon,33.11,39.31153846153846,27.022727272727273,12.120000000000001,171.2,7
Lucknow,2002,8,Monsoon,29.693548387096776,34.60384615384615,25.64814814814815,9.04782608695652,110.2,8
Lucknow,2002,9,Monsoon,27.663333333333334,33.00769230769231,23.614814814814817,9.243478260869566,235.20000000000002,7
Lucknow,2002,10,Post-Monsoon,26.372413793103448,33.696296296296296,19.503846153846155,14.158333333333333,0.0,0
Lucknow,2002,11,Post-Monsoon,21.959999999999997,30.196428571428573,13.504166666666668,16.61818181818182,0.0,0
Lucknow,2002,12,Winter,17.44333333333333,25.644444444444442,9.1,16.668,0.3,0
Lucknow,2003,1,Winter,11.932258064516128,18.017241379310345,6.276,11.720833333333333,39.1,3
Lucknow,2003,2,Winter,19.142857142857142,26.421739130434784,12.195652173913043,14.38888888888889,25.4,2
Lucknow,2003,3,Pre-Monsoon,23.648387096774194,33.028571428571425,15.707692307692307,16.695833333333333,0.0,0
Lucknow,2003,4,Pre-Monsoon,30.583333333333332,39.9,21.166666666666668,18.376470588235293,4.1,1
Lucknow,2003,5,Pre-Monsoon,33.156666666666666,41.36923076923077,25.02592592592593,16.08695652173913,13.0,2
Lucknow,2003,6,Monsoon,32.736666666666665,39.54074074074074,26.90833333333333,13.004761904761907,37.8,4
Lucknow,2003,7,Monsoon,29.938709677419357,35.36551724137931,26.435000000000002,8.87,149.1,12
Lucknow,2003,8,Monsoon,29.55806451612903,34.327586206896555,26.188000000000002,8.160869565217393,127.0,7
Lucknow,2003,9,Monsoon,28.006666666666668,33.19642857142857,24.963636363636365,8.18095238095238,309.2,16
Lucknow,2003,10,Post-Monsoon,25.822580645161292,33.29,19.795238095238094,13.41904761904762,26.9,1
Lucknow,2003,11,Post-Monsoon,20.623333333333335,30.11111111111111,13.565384615384614,16.360869565217392,0.0,0
Lucknow,2003,12,Winter,16.02258064516129,24.4,10.86111111111111,14.344444444444443,0.0,0
Lucknow,2004,1,Winter,13.064516129032258,19.47037037037037,8.623809523809523,11.468421052631578,39.7,2
Lucknow,2004,2,Winter,18.617241379310343,27.37777777777778,11.056,16.183333333333334,0.0,0
Lucknow,2004,3,Pre-Monsoon,25.9,35.55384615384615,17.117857142857144,18.191304347826087,0.0,0
Lucknow,2004,4,Pre-Monsoon,30.373333333333335,39.61034482758621,22.44347826086957,17.490909090909092,0.5,0
Lucknow,2004,5,Pre-Monsoon,33.12903225806452,40.782758620689656,25.738095238095237,14.7,23.9,2
Lucknow,2004,6,Monsoon,30.676666666666666,36.910714285714285,25.83809523809524,11.273684210526316,230.7,7
Lucknow,2004,7,Monsoon,29.76451612903226,35.224137931034484,25.97083333333333,9.321739130434782,97.89999999999999,8
Lucknow,2004,8,Monsoon,29.53548387096774,34.461290322580645,25.934615384615384,8.569230769230769,109.0,11
Lucknow,2004,9,Monsoon,29.36,35.29642857142857,24.808000000000003,10.31304347826087,152.0,5
Lucknow,2004,10,Post-Monsoon,25.251612903225805,32.446666666666665,19.476000000000003,12.723999999999998,13.0,1
Lucknow,2004,11,Post-Monsoon,20.153333333333332,29.282142857142855,13.62142857142857,15.665384615384616,0.0,0
Lucknow,2004,12,Winter,16.258064516129032,24.414285714285715,10.399999999999999,14.391304347826088,0.3,0
Lucknow,2005,1,Winter,15.712903225806452,23.548387096774192,9.556000000000001,13.964,9.9,2
Lucknow,2005,2,Winter,19.55,27.804000000000002,12.7125,15.014285714285714,5.8999999999999995,1
Lucknow,2005,3,Pre-Monsoon,25.55483870967742,34.210344827586205,18.096551724137928,16.355555555555558,4.0,1
Lucknow,2005,4,Pre-Monsoon,29.92,39.233333333333334,20.25769230769231,19.16923076923077,0.0,0
Lucknow,2005,5,Pre-Monsoon,32.29032258064516,41.067741935483866,24.037037037037038,17.014814814814812,0.8,0
Lucknow,2005,6,Monsoon,34.61666666666667,42.16896551724138,27.420833333333334,14.704347826086956,25.200000000000003,2
Lucknow,2005,7,Monsoon,29.093548387096774,34.1,25.468000000000004,8.552,286.3,15
Lucknow,2005,8,Monsoon,30.06451612903226,35.08275862068965,25.942857142857143,9.388461538461538,55.3,6
Lucknow,2005,9,Monsoon,29.053333333333335,34.53333333333333,25.111538461538462,9.419230769230769,150.1,3
Lucknow,2005,10,Post-Monsoon,26.1,33.17666666666666,20.558620689655175,12.613793103448277,1.3,0
Lucknow,2005,11,Post-Monsoon,20.07,30.16296296296296,12.430769230769231,17.817391304347826,0.0,0
Lucknow,2005,12,Winter,15.167741935483871,25.06896551724138,8.053333333333333,17.007142857142856,84.3,1
Lucknow,2006,1,Winter,15.641935483870967,25.807407407407407,7.314814814814815,18.2,15.5,1
Lucknow,2006,2,Winter,21.92142857142857,31.653846153846153,13.696296296296296,17.872,0.0,0
Lucknow,2006,3,Pre-Monsoon,24.125806451612902,33.57931034482758,15.914814814814815,18.387999999999998,13.2,4
Lucknow,2006,4,Pre-Monsoon,30.016666666666666,39.36,20.455555555555552,18.833333333333332,16.5,2
Lucknow,2006,5,Pre-Monsoon,31.416129032258063,38.836666666666666,24.982142857142858,13.966666666666665,48.699999999999996,3
Lucknow,2006,6,Monsoon,31.16,38.1448275862069,25.747826086956525,12.52608695652174,142.70000000000002,3
Lucknow,2006,7,Monsoon,29.55483870967742,34.766666666666666,25.407142857142855,9.222222222222223,369.7,19
Lucknow,2006,8,Monsoon,29.57741935483871,34.648148148148145,25.411538461538463,9.24782608695652,81.2,8
Lucknow,2006,9,Monsoon,29.506666666666668,35.266666666666666,24.403846153846153,11.015384615384615,16.6,2
Lucknow,2006,10,Post-Monsoon,26.761290322580646,34.62,20.165384615384617,14.388,0.0,0
Lucknow,2006,11,Post-Monsoon,21.026666666666664,29.564285714285713,14.386206896551723,15.303703703703704,0.0,0
Lucknow,2006,12,Winter,16.783870967741933,25.476666666666667,9.875,15.614814814814816,5.1,1
Lucknow,2007,1,Winter,15.47741935483871,24.573333333333334,7.775862068965517,16.692857142857143,0.0,0
Lucknow,2007,2,Winter,18.335714285714285,26.396153846153844,11.704,14.856521739130434,68.6,5
Lucknow,2007,3,Pre-Monsoon,22.938709677419357,31.348275862068967,14.654166666666667,17.139130434782608,20.8,3
Lucknow,2007,4,Pre-Monsoon,30.88,39.824999999999996,22.248,17.621739130434783,0.0,0
Lucknow,2007,5,Pre-Monsoon,31.293548387096774,39.33571428571429,23.89047619047619,15.126315789473683,0.5,0
Lucknow,2007,6,Monsoon,32.50666666666667,38.91379310344828,26.12,13.616666666666667,74.60000000000001,5
Lucknow,2007,7,Monsoon,29.64516129032258,35.193548387096776,25.17142857142857,9.957142857142856,174.9,8
Lucknow,2007,8,Monsoon,29.174193548387095,34.32142857142857,25.218181818181815,8.98,124.0,6
Lucknow,2007,9,Monsoon,28.776666666666664,34.25,24.3,9.943999999999999,74.2,7
Lucknow,2007,10,Post-Monsoon,25.5258064516129,33.49310344827586,18.78620689655172,14.892857142857142,0.0,0
Lucknow,2007,11,Post-Monsoon,20.85666666666667,29.529999999999998,13.882758620689655,15.682758620689656,0.0,0
Lucknow,2007,12,Winter,16.283870967741937,25.013333333333332,8.56,16.46206896551724,0.0,0
Lucknow,2008,1,Winter,15.174193548387096,23.913793103448278,7.17037037037037,16.727999999999998,0.0,0
Lucknow,2008,2,Winter,16.879310344827587,25.355999999999998,8.548,17.11818181818182,2.0,1
Lucknow,2008,3,Pre-Monsoon,24.529032258064515,33.86774193548387,15.347999999999999,18.36,0.0,0
Lucknow,2008,4,Pre-Monsoon,29.563333333333333,38.686206896551724,20.362068965517242,18.532142857142855,19.1,2
Lucknow,2008,5,Pre-Monsoon,31.19677419354839,39.31935483870968,23.74074074074074,15.781481481481482,367.7,3
Lucknow,2008,6,Monsoon,29.05,34.30714285714286,25.71666666666667,8.339130434782607,198.2,10
Lucknow,2008,7,Monsoon,28.23225806451613,32.14193548387097,25.59130434782609,6.513043478260869,532.1,18
Lucknow,2008,8,Monsoon,28.91290322580645,33.44193548387097,25.81851851851852,7.533333333333332,360.90000000000003,15
Lucknow,2008,9,Monsoon,28.983333333333334,34.32,25.05925925925926,9.25925925925926,292.40000000000003,6
Lucknow,2008,10,Post-Monsoon,26.306451612903224,33.26,20.562962962962963,12.476923076923075,4.1,1
Lucknow,2008,11,Post-Monsoon,20.663333333333334,29.456666666666667,13.644444444444444,15.881481481481481,0.0,0
Lucknow,2008,12,Winter,17.20967741935484,25.325806451612905,10.48695652173913,15.069565217391306,0.0,0
Lucknow,2009,1,Winter,15.951612903225806,24.00344827586207,9.645833333333334,14.695454545454545,0.0,0
Lucknow,2009,2,Winter,19.42142857142857,28.348148148148148,11.468,17.054166666666667,6.1,1
Lucknow,2009,3,Pre-Monsoon,24.383870967741935,33.65483870967742,15.375,18.107142857142858,1.0,0
Lucknow,2009,4,Pre-Monsoon,30.63,39.26206896551724,21.115384615384617,18.208,0.0,0
Lucknow,2009,5,Pre-Monsoon,31.567741935483873,39.332142857142856,24.537499999999998,14.509090909090908,10.0,3
Lucknow,2009,6,Monsoon,33.96,41.285185185185185,26.821739130434782,14.522727272727273,30.0,2
Lucknow,2009,7,Monsoon,30.767741935483873,36.270967741935486,26.66,9.416,132.7,7
Lucknow,2009,8,Monsoon,29.712903225806453,34.607142857142854,25.734615384615385,8.988,307.6,13
Lucknow,2009,9,Monsoon,28.726666666666667,33.9,24.78965517241379,9.049999999999999,325.8,9
Lucknow,2009,10,Post-Monsoon,25.04516129032258,32.45357142857143,18.7448275862069,13.773076923076925,83.6,4
Lucknow,2009,11,Post-Monsoon,20.34,28.57857142857143,13.217391304347826,16.152380952380952,4.3,1
Lucknow,2009,12,Winter,16.183870967741935,25.25483870967742,8.927586206896551,16.513793103448275,4.0,1
Lucknow,2010,1,Winter,12.638709677419355,18.84333333333333,7.604545454545455,11.76818181818182,5.3999999999999995,1
Lucknow,2010,2,Winter,19.014285714285712,27.1037037037037,11.387500000000001,15.713043478260872,19.9,3
Lucknow,2010,3,Pre-Monsoon,26.12258064516129,35.416666666666664,16.70344827586207,18.72142857142857,0.0,0
Lucknow,2010,4,Pre-Monsoon,32.276666666666664,41.8448275862069,22.9,18.768,0.0,0
Lucknow,2010,5,Pre-Monsoon,32.541935483870965,40.648275862068964,25.17391304347826,15.476190476190476,38.0,4
Lucknow,2010,6,Monsoon,33.65,40.724137931034484,26.958333333333332,13.658333333333331,32.5,2
Lucknow,2010,7,Monsoon,30.219354838709677,35.4,26.077272727272728,9.033333333333333,292.3,14
Lucknow,2010,8,Monsoon,29.306451612903224,33.83571428571428,25.9,8.033333333333333,150.0,10
Lucknow,2010,9,Monsoon,28.146666666666665,33.11034482758621,24.482142857142858,8.700000000000001,192.9,13
Lucknow,2010,10,Post-Monsoon,26.44193548387097,33.29354838709677,20.4,12.92,15.0,1
Lucknow,2010,11,Post-Monsoon,21.706666666666667,29.003333333333334,15.754166666666668,13.591666666666667,12.399999999999999,3
Lucknow,2010,12,Winter,16.02258064516129,25.003225806451614,8.044827586206896,16.779310344827586,1.0,0
Lucknow,2011,1,Winter,12.938709677419356,21.116666666666667,6.045454545454546,16.133333333333333,5.1,1
Lucknow,2011,2,Winter,18.185714285714287,26.97407407407407,10.125925925925925,16.626923076923077,9.6,2
Lucknow,2011,3,Pre-Monsoon,24.164516129032258,33.36333333333333,15.03448275862069,18.20714285714286,6.1,1
Lucknow,2011,4,Pre-Monsoon,28.89,37.82857142857143,19.165384615384617,18.695833333333333,6.8999999999999995,1
Lucknow,2011,5,Pre-Monsoon,32.20645161290322,40.229032258064514,24.166666666666668,16.251851851851853,28.4,5
Lucknow,2011,6,Monsoon,30.783333333333335,36.524,25.361904761904764,10.719047619047618,162.0,7
Lucknow,2011,7,Monsoon,29.361290322580647,34.00967741935484,25.650000000000002,8.483333333333333,98.9,6
Lucknow,2011,8,Monsoon,28.76774193548387,33.163333333333334,25.36296296296296,7.71923076923077,453.5,16
Lucknow,2011,9,Monsoon,28.703333333333333,33.776666666666664,24.71034482758621,8.993103448275862,86.0,7
Lucknow,2011,10,Post-Monsoon,25.92258064516129,33.03333333333333,18.975862068965515,14.12857142857143,0.0,0
Lucknow,2011,11,Post-Monsoon,21.153333333333332,29.103571428571428,13.607407407407406,15.708,0.0,0
Lucknow,2011,12,Winter,14.845161290322581,22.89032258064516,8.609523809523811,15.847619047619048,0.0,0
Lucknow,2012,1,Winter,14.087096774193547,21.403333333333332,7.806896551724138,13.478571428571428,64.2,4
Lucknow,2012,2,Winter,17.75862068965517,26.075,9.588888888888889,16.507692307692306,35.5,2
Lucknow,2012,3,Pre-Monsoon,23.206451612903226,32.32962962962963,13.332142857142857,19.055999999999997,0.0,0
Lucknow,2012,4,Pre-Monsoon,29.666666666666668,37.73793103448276,20.340740740740742,17.376923076923074,15.200000000000001,3
Lucknow,2012,5,Pre-Monsoon,33.24516129032258,41.653571428571425,23.85,18.007407407407406,0.0,0
Lucknow,2012,6,Monsoon,35.71333333333334,43.12,28.00769230769231,14.98076923076923,4.6,1
Lucknow,2012,7,Monsoon,30.08709677419355,35.12068965517241,25.34642857142857,9.653846153846153,299.0,14
Lucknow,2012,8,Monsoon,28.82903225806452,33.275862068965516,24.689655172413794,8.437037037037037,230.2,15
Lucknow,2012,9,Monsoon,28.32,33.0551724137931,23.53448275862069,9.417857142857143,220.20000000000002,7
Lucknow,2012,10,Post-Monsoon,24.91290322580645,32.996428571428574,17.07,15.818518518518518,0.0,0
Lucknow,2012,11,Post-Monsoon,19.603333333333335,29.099999999999998,10.776666666666667,18.20714285714286,0.0,0
Lucknow,2012,12,Winter,15.219354838709679,23.446666666666665,7.176,16.766666666666666,0.0,0
Lucknow,2013,1,Winter,12.396774193548387,20.771428571428572,4.483333333333333,16.742857142857144,0.0,0
Lucknow,2013,2,Winter,17.942857142857143,25.482142857142858,10.171999999999999,15.184000000000001,136.1,5
Lucknow,2013,3,Pre-Monsoon,23.63225806451613,32.13333333333333,14.58,17.57586206896552,0.5,0
Lucknow,2013,4,Pre-Monsoon,29.28666666666667,37.89,19.432142857142857,18.7,0.0,0
Lucknow,2013,5,Pre-Monsoon,33.18387096774194,41.45333333333333,24.651724137931033,16.771428571428572,0.0,0
Lucknow,2013,6,Monsoon,30.163333333333334,35.82142857142857,24.72962962962963,11.124,280.3,8
Lucknow,2013,7,Monsoon,29.651612903225807,34.258620689655174,24.796666666666667,9.475,187.1,10
Lucknow,2013,8,Monsoon,28.929032258064513,33.86,24.040000000000003,9.806896551724137,148.7,13
Lucknow,2013,9,Monsoon,29.303333333333335,34.96896551724138,23.57241379310345,11.392857142857142,14.2,3
Lucknow,2013,10,Post-Monsoon,25.845161290322583,31.740000000000002,19.703225806451613,12.126666666666667,41.7,7
Lucknow,2013,11,Post-Monsoon,19.44,28.651851851851852,10.044827586206896,18.342307692307692,0.0,0
Lucknow,2013,12,Winter,16.074193548387097,24.66551724137931,7.182758620689656,17.544444444444444,5.1,1
Lucknow,2014,1,Winter,13.687096774193549,20.023333333333333,7.851851851851852,12.349999999999998,47.2,4
Lucknow,2014,2,Winter,16.885714285714286,24.068,8.785185185185185,15.645833333333334,27.5,4
Lucknow,2014,3,Pre-Monsoon,23.02258064516129,31.185185185185187,13.155172413793103,18.008,5.3999999999999995,1
Lucknow,2014,4,Pre-Monsoon,29.36,38.05,17.770833333333332,19.175,0.0,0
Lucknow,2014,5,Pre-Monsoon,33.377419354838715,41.29,23.00689655172414,17.725,1.0,0
Lucknow,2014,6,Monsoon,35.13333333333333,40.92857142857143,25.46666666666667,15.683333333333332,16.5,4
Lucknow,2014,7,Monsoon,30.593548387096774,35.983333333333334,24.524137931034485,11.18235294117647,228.9,11
Lucknow,2014,8,Monsoon,31.225806451612904,33.925,24.220689655172414,10.133333333333335,175.2,7
Lucknow,2014,9,Monsoon,29.65,34.56666666666667,22.523333333333333,12.516666666666666,84.4,7
Lucknow,2014,10,Post-Monsoon,26.080645161290324,31.599999999999998,17.990000000000002,14.429411764705883,108.69999999999999,3
Lucknow,2014,11,Post-Monsoon,20.433333333333334,29.193333333333335,10.134482758620688,19.00344827586207,0.0,0
Lucknow,2014,12,Winter,13.896774193548387,21.432142857142857,6.557142857142857,15.112,13.5,1
Lucknow,2015,1,Winter,13.167741935483871,19.503703703703703,8.430434782608696,10.605,24.1,3
Lucknow,2015,2,Winter,19.407142857142855,27.245833333333334,11.891304347826088,15.584210526315792,23.900000000000002,2
Lucknow,2015,3,Pre-Monsoon,22.848387096774193,29.98695652173913,15.16,15.623076923076923,75.4,6
Lucknow,2015,4,Pre-Monsoon,28.32,35.11176470588235,20.008000000000003,15.635714285714284,20.1,1
Lucknow,2015,5,Pre-Monsoon,34.13548387096775,40.65,24.553846153846152,16.166666666666668,3.0,1
Lucknow,2015,6,Monsoon,34.483333333333334,40.5,27.403846153846153,13.212499999999999,76.5,4
Lucknow,2015,7,Monsoon,30.9,35.48888888888889,25.82962962962963,10.2375,202.9,10
Lucknow,2015,8,Monsoon,30.67096774193548,35.17272727272727,25.75862068965517,9.889999999999999,134.6,11
Lucknow,2015,9,Monsoon,31.08,36.541666666666664,24.71153846153846,12.3,0.0,0
Lucknow,2015,10,Post-Monsoon,27.580645161290324,36.0625,19.77857142857143,15.6875,0.0,0
Lucknow,2015,11,Post-Monsoon,23.003333333333334,30.84166666666667,14.432,16.018181818181816,2.0,1
Lucknow,2015,12,Winter,15.819354838709677,24.311999999999998,8.404166666666667,15.963157894736844,14.5,1
Lucknow,2016,1,Winter,15.14516129032258,23.694117647058825,6.886956521739131,17.24285714285714,13.3,1
Lucknow,2016,2,Winter,19.97241379310345,28.666666666666668,11.277272727272727,16.442857142857143,0.5,0
Lucknow,2016,3,Pre-Monsoon,25.729032258064517,34.663636363636364,16.255555555555556,18.322222222222223,23.700000000000003,2
Lucknow,2016,4,Pre-Monsoon,33.25555555555555,41.635294117647064,22.926086956521736,18.493750000000002,0.0,0
Lucknow,2016,5,Pre-Monsoon,33.50322580645161,41.025,24.50689655172414,16.189473684210526,36.6,6
Lucknow,2016,6,Monsoon,33.98,39.725,26.957142857142856,12.421428571428573,132.9,5
Lucknow,2016,7,Monsoon,30.219354838709677,34.50555555555556,25.44193548387097,9.016666666666667,200.4,17
Lucknow,2016,8,Monsoon,30.251612903225805,34.31875,25.006666666666668,9.393333333333334,253.5,12
Lucknow,2016,9,Monsoon,29.873333333333335,34.23571428571429,24.548275862068966,9.771428571428572,93.89999999999999,4
Lucknow,2016,10,Post-Monsoon,27.241935483870968,34.333333333333336,19.124137931034483,15.43529411764706,0.0,0
Lucknow,2016,11,Post-Monsoon,20.71333333333333,29.76153846153846,11.83448275862069,18.076923076923077,0.0,0
Lucknow,2016,12,Winter,14.929032258064517,23.52,8.177272727272728,14.76,0.0,0
Lucknow,2017,1,Winter,14.40967741935484,22.271428571428572,7.3428571428571425,13.975,19.0,3
Lucknow,2017,2,Winter,18.87142857142857,27.914285714285715,10.535,17.77,0.0,0
Lucknow,2017,3,Pre-Monsoon,24.229032258064517,32.49285714285714,15.549999999999999,17.27,5.3,1
Lucknow,2017,4,Pre-Monsoon,32.02413793103448,39.89090909090909,22.843478260869563,17.225,0.0,0
Lucknow,2017,5,Pre-Monsoon,33.903225806451616,41.69230769230769,24.458333333333332,18.166666666666668,6.3999999999999995,1
Lucknow,2017,6,Monsoon,34.37,40.269999999999996,27.829166666666666,11.957142857142857,61.9,2
Lucknow,2017,7,Monsoon,29.77741935483871,33.636842105263156,25.708333333333332,8.0375,308.6,13
Lucknow,2017,8,Monsoon,29.95483870967742,33.98,26.104166666666668,8.09090909090909,384.5,11
Lucknow,2017,9,Monsoon,30.41,35.355555555555554,25.995833333333334,8.666666666666666,18.0,3
Lucknow,2017,10,Post-Monsoon,28.483870967741936,35.22222222222222,21.942307692307693,12.587500000000002,0.0,0
Lucknow,2017,11,Post-Monsoon,20.803333333333335,28.814285714285717,13.543478260869565,17.72,0.0,0
Lucknow,2017,12,Winter,16.261290322580646,24.526666666666664,9.608333333333333,15.746153846153847,0.8,0
Lucknow,2018,1,Winter,12.348387096774195,21.315,5.578947368421052,16.033333333333335,0.0,0
Lucknow,2018,2,Winter,19.474999999999998,27.166666666666668,11.614285714285714,16.330000000000002,1.3,0
Lucknow,2018,3,Pre-Monsoon,25.97741935483871,35.03333333333333,16.41904761904762,18.23846153846154,0.0,0
Lucknow,2018,4,Pre-Monsoon,30.540000000000003,37.986666666666665,21.436,16.25,14.9,3
Lucknow,2018,5,Pre-Monsoon,33.70967741935484,39.81818181818182,25.788,13.622222222222222,3.3,1
Lucknow,2018,6,Monsoon,33.95333333333333,40.79230769230769,27.849999999999998,13.144444444444444,106.6,5
Lucknow,2018,7,Monsoon,30.993548387096773,35.08181818181818,26.792857142857144,8.561904761904762,324.6,13
Lucknow,2018,8,Monsoon,29.361290322580647,33.26129032258065,25.870967741935484,7.390322580645163,564.8,13
Lucknow,2018,9,Monsoon,29.106666666666666,33.61666666666667,24.82,8.796666666666665,149.1,5
Lucknow,2018,10,Post-Monsoon,27.309677419354838,34.3,19.9,14.4,0.0,0
Lucknow,2018,11,Post-Monsoon,21.06,29.1,13.526666666666667,15.573333333333332,0.0,0
Lucknow,2018,12,Winter,15.19032258064516,23.661290322580644,7.52258064516129,16.138709677419357,0.0,0
Lucknow,2019,1,Winter,14.903225806451612,23.23225806451613,9.05483870967742,14.17741935483871,0.0,0
Lucknow,2019,2,Winter,17.482142857142858,25.282142857142855,12.317857142857141,12.964285714285714,29.2,4
Lucknow,2019,3,Pre-Monsoon,22.94516129032258,31.348387096774193,16.135483870967743,15.212903225806452,1.3,0
Lucknow,2019,4,Pre-Monsoon,30.113333333333333,38.526666666666664,22.953333333333333,15.573333333333332,1.0,0
Lucknow,2019,5,Pre-Monsoon,33.68387096774194,42.00645161290323,26.50967741935484,15.496774193548386,0.0,0
Lucknow,2019,6,Monsoon,33.266666666666666,40.708333333333336,28.228571428571428,12.294117647058824,15.3,2
Lucknow,2019,7,Monsoon,29.887096774193548,35.5625,26.082608695652173,9.552631578947368,488.4,14
Lucknow,2019,8,Monsoon,29.729032258064517,34.57037037037037,26.551612903225806,8.07037037037037,180.2,10
Lucknow,2019,9,Monsoon,27.90666666666667,33.05555555555556,25.845,7.833333333333333,210.1,12
Lucknow,2019,10,Post-Monsoon,25.65806451612903,32.1448275862069,21.200000000000003,10.952,4.1,1
Lucknow,2019,11,Post-Monsoon,21.4,29.625,15.591304347826087,13.98,0.0,0
Lucknow,2019,12,Winter,13.983870967741936,22.15833333333333,9.745000000000001,12.01875,23.9,2
Lucknow,2020,1,Winter,13.893548387096773,21.095833333333335,9.126086956521739,11.59,98.30000000000001,6
Lucknow,2020,2,Winter,17.510344827586206,25.282142857142855,11.406896551724138,14.064285714285715,7.1,1
Lucknow,2020,3,Pre-Monsoon,22.374193548387098,29.96551724137931,16.845161290322583,13.017241379310345,41.400000000000006,3
Lucknow,2020,4,Pre-Monsoon,28.616666666666667,36.57692307692308,21.273076923076925,15.354545454545455,13.200000000000001,2
Lucknow,2020,5,Pre-Monsoon,30.509677419354837,38.63793103448276,24.560714285714287,14.25,84.7,3
Lucknow,2020,6,Monsoon,30.31,36.20333333333333,26.490000000000002,9.713333333333333,82.1,7
Lucknow,2020,7,Monsoon,29.835483870967742,35.119354838709675,26.787096774193547,8.332258064516127,242.3,12
Lucknow,2020,8,Monsoon,29.693548387096776,34.748387096774195,26.748387096774195,7.999999999999999,257.0,9
Lucknow,2020,9,Monsoon,30.053333333333335,35.89666666666667,26.709999999999997,9.186666666666667,71.60000000000001,4
Lucknow,2020,10,Post-Monsoon,27.11935483870968,35.13225806451613,21.116129032258065,14.016129032258064,0.0,0
Lucknow,2020,11,Post-Monsoon,19.996666666666666,28.790000000000003,13.616666666666667,15.173333333333334,26.2,1
Lucknow,2020,12,Winter,15.535483870967743,24.177419354838708,9.8,14.37741935483871,0.0,0
Lucknow,2021,1,Winter,14.061290322580644,21.851612903225806,9.21290322580645,12.638709677419355,0.0,0
Lucknow,2021,2,Winter,19.650000000000002,28.310714285714287,12.589285714285714,15.721428571428572,6.1,1
Lucknow,2021,3,Pre-Monsoon,25.738709677419354,34.229032258064514,18.4741935483871,15.754838709677419,0.5,0
Lucknow,2021,4,Pre-Monsoon,30.083333333333332,38.77333333333333,22.043333333333337,16.73,25.9,1
Lucknow,2021,5,Pre-Monsoon,29.664516129032258,35.40967741935484,24.761290322580646,10.648387096774194,47.8,4
Lucknow,2021,6,Monsoon,30.14,35.39333333333333,26.660000000000004,8.733333333333333,128.9,8
Lucknow,2021,7,Monsoon,30.580645161290324,35.725806451612904,27.5741935483871,8.151612903225805,188.5,9
Lucknow,2021,8,Monsoon,29.309677419354838,33.829032258064515,26.351612903225806,7.477419354838709,110.50000000000001,7
Lucknow,2021,9,Monsoon,29.15,33.86333333333333,26.236666666666668,7.626666666666667,323.2,9
Lucknow,2021,10,Post-Monsoon,26.780645161290323,32.829032258064515,22.348387096774196,10.480645161290322,25.9,2
Lucknow,2021,11,Post-Monsoon,20.36,27.88,14.879999999999999,13.0,0.0,0
Lucknow,2021,12,Winter,16.52258064516129,23.574193548387097,11.30967741935484,12.264516129032257,10.4,1
Lucknow,2022,1,Winter,13.470967741935485,19.019354838709678,9.745161290322581,9.274193548387096,25.5,4
Lucknow,2022,2,Winter,17.357142857142858,24.62857142857143,11.771428571428572,12.857142857142858,0.0,0
Lucknow,2022,3,Pre-Monsoon,25.893548387096775,34.016129032258064,18.641935483870967,15.374193548387096,0.0,0
Lucknow,2022,4,Pre-Monsoon,31.98,40.24666666666667,24.166666666666668,16.08,0.0,0
Lucknow,2022,5,Pre-Monsoon,32.00645161290323,38.57741935483871,26.506451612903227,12.070967741935483,41.7,3
Lucknow,2022,6,Monsoon,33.776666666666664,39.91,29.040000000000003,10.870000000000001,57.2,3
Lucknow,2022,7,Monsoon,31.828000000000003,36.16,28.5,7.66,104.2,10
Mumbai,1990,1,Winter,24.84193548387097,33.8,17.209999999999997,16.644444444444442,0.0,0
Mumbai,1990,2,Winter,24.95,31.685714285714287,18.45,13.613636363636363,2.8,1
Mumbai,1990,3,Pre-Monsoon,25.64516129032258,31.016129032258064,20.346153846153847,10.896153846153847,2.8,1
Mumbai,1990,4,Pre-Monsoon,27.846666666666668,32.25333333333334,23.032142857142855,9.239285714285716,0.0,0
Mumbai,1990,5,Pre-Monsoon,29.848148148148148,33.29259259259259,26.864,6.548000000000001,69.6,6
Mumbai,1990,6,Monsoon,29.033333333333335,31.66896551724138,26.26923076923077,5.312,737.8,17
Mumbai,1990,7,Monsoon,27.916129032258063,30.400000000000002,25.570833333333336,4.739130434782608,336.4,28
Mumbai,1990,8,Monsoon,26.770967741935483,29.25925925925926,24.678260869565218,4.347368421052632,779.2,24
Mumbai,1990,9,Monsoon,27.066666666666666,30.173333333333336,24.244,5.991999999999999,561.7,23
Mumbai,1990,10,Post-Monsoon,28.083870967741937,32.95,23.607692307692307,9.388,94.1,7
Mumbai,1990,11,Post-Monsoon,27.426666666666666,33.45,22.00689655172414,11.506896551724138,0.0,0
Mumbai,1990,12,Winter,25.7,32.14333333333333,20.117391304347827,12.704347826086956,13.0,1
Mumbai,1991,1,Winter,22.719354838709677,30.663333333333334,15.612903225806452,14.896666666666667,0.0,0
Mumbai,1991,2,Winter,23.910714285714285,30.3,17.215999999999998,13.195454545454545,0.0,0
Mumbai,1991,3,Pre-Monsoon,26.225806451612904,32.05,20.20689655172414,11.785714285714286,106.9,1
Mumbai,1991,4,Pre-Monsoon,28.953333333333333,33.258620689655174,24.706666666666667,8.56551724137931,0.5,0
Mumbai,1991,5,Pre-Monsoon,30.373333333333335,33.737931034482756,27.227586206896554,6.457142857142857,0.5,0
Mumbai,1991,6,Monsoon,29.65666666666667,32.43846153846154,26.826923076923077,5.252173913043478,1017.8000000000001,8
Mumbai,1991,7,Monsoon,27.36451612903226,29.817241379310346,24.97307692307692,4.755999999999999,627.6,22
Mumbai,1991,8,Monsoon,27.238709677419354,30.074193548387097,24.803846153846152,5.2807692307692315,223.7,24
Mumbai,1991,9,Monsoon,27.65,30.828000000000003,24.666666666666668,6.145454545454546,54.2,7
Mumbai,1991,10,Post-Monsoon,28.241935483870968,34.199999999999996,23.146153846153844,11.033333333333333,0.0,0
Mumbai,1991,11,Post-Monsoon,27.146666666666665,33.86896551724138,21.48,12.683333333333332,0.0,0
Mumbai,1991,12,Winter,23.725806451612904,31.574074074074073,17.196296296296296,14.191666666666668,159.3,2
Mumbai,1992,1,Winter,23.567741935483873,31.870967741935484,16.676923076923078,15.123076923076923,0.0,0
Mumbai,1992,2,Winter,23.57586206896552,29.951724137931034,16.90909090909091,13.045454545454545,0.0,0
Mumbai,1992,3,Pre-Monsoon,26.94193548387097,33.01428571428571,20.522222222222222,12.208333333333334,0.0,0
Mumbai,1992,4,Pre-Monsoon,27.64333333333333,32.03448275862069,23.23333333333333,8.9,0.0,0
Mumbai,1992,5,Pre-Monsoon,29.516129032258064,32.69642857142857,26.485714285714288,6.18,0.0,0
Mumbai,1992,6,Monsoon,29.93,32.76,27.45,5.243478260869565,130.7,9
Mumbai,1992,7,Monsoon,28.541935483870965,31.206666666666667,26.05925925925926,5.085185185185185,599.0,22
Mumbai,1992,8,Monsoon,27.229032258064517,29.638709677419353,25.130434782608695,4.682608695652173,854.4,25
Mumbai,1992,9,Monsoon,27.78666666666667,31.385185185185183,24.74074074074074,6.564,291.90000000000003,13
Mumbai,1992,10,Post-Monsoon,27.858064516129033,32.717241379310344,23.7,9.047619047619046,37.8,3
Mumbai,1992,11,Post-Monsoon,27.543333333333333,34.30333333333333,21.691666666666666,12.541666666666666,0.0,0
Mumbai,1992,12,Winter,25.1,33.42258064516129,18.776923076923076,14.63076923076923,0.0,0
Mumbai,1993,1,Winter,23.683870967741935,31.551612903225806,16.8,14.844827586206897,0.0,0
Mumbai,1993,2,Winter,25.071428571428573,32.55555555555556,18.044,14.6875,0.0,0
Mumbai,1993,3,Pre-Monsoon,26.664516129032258,32.406666666666666,21.167857142857144,11.425925925925926,0.0,0
Mumbai,1993,4,Pre-Monsoon,28.033333333333335,32.27,23.24230769230769,9.015384615384615,0.0,0
Mumbai,1993,5,Pre-Monsoon,29.996774193548386,33.272413793103446,26.99259259259259,6.251999999999999,0.0,0
Mumbai,1993,6,Monsoon,29.25,31.828000000000003,26.982608695652175,4.833333333333333,332.2,8
Mumbai,1993,7,Monsoon,28.18064516129032,30.43793103448276,25.799999999999997,4.612500000000001,806.1,27
Mumbai,1993,8,Monsoon,27.76774193548387,30.34444444444444,25.383333333333336,5.121739130434783,267.7,22
Mumbai,1993,9,Monsoon,26.783333333333335,29.971999999999998,24.420833333333334,5.76,872.1999999999999,20
Mumbai,1993,10,Post-Monsoon,28.112903225806452,32.65769230769231,24.461904761904766,8.441176470588236,119.4,7
Mumbai,1993,11,Post-Monsoon,27.353333333333335,33.272413793103446,22.113636363636363,10.904761904761903,0.0,0
Mumbai,1993,12,Winter,25.023333333333333,32.4896551724138,18.900000000000002,13.7625,0.3,0
Mumbai,1994,1,Winter,24.135483870967743,31.563333333333333,18.044,13.9625,17.8,1
Mumbai,1994,2,Winter,24.24642857142857,30.680769230769233,17.716666666666665,13.186363636363636,0.0,0
Mumbai,1994,3,Pre-Monsoon,27.629032258064516,33.58620689655172,21.233333333333334,12.392857142857142,0.0,0
Mumbai,1994,4,Pre-Monsoon,28.396666666666665,32.80714285714286,23.936,9.065217391304346,32.0,2
Mumbai,1994,5,Pre-Monsoon,29.793333333333333,33.175,26.455172413793104,6.651851851851851,0.0,0
Mumbai,1994,6,Monsoon,28.913333333333334,31.52962962962963,26.452380952380953,5.327777777777777,546.5,15
Mumbai,1994,7,Monsoon,27.258064516129032,29.70740740740741,25.084,4.645454545454545,925.8,29
Mumbai,1994,8,Monsoon,27.229032258064517,29.682758620689654,25.267857142857142,4.411538461538461,501.20000000000005,22
Mumbai,1994,9,Monsoon,26.64,30.136666666666667,23.753846153846155,6.2153846153846155,386.3,17
Mumbai,1994,10,Post-Monsoon,28.416666666666668,33.74,23.566666666666666,10.274074074074074,45.5,1
Mumbai,1994,11,Post-Monsoon,26.996666666666666,33.77,21.603846153846156,12.253846153846153,0.0,0
Mumbai,1994,12,Winter,23.596774193548388,31.641935483870967,16.386666666666667,15.246666666666666,0.0,0
Mumbai,1995,1,Winter,22.43548387096774,30.266666666666666,15.822222222222221,14.542307692307693,1.6,1
Mumbai,1995,2,Winter,24.571428571428573,31.214285714285715,18.812,12.5,0.0,0
Mumbai,1995,3,Pre-Monsoon,26.32,32.3551724137931,20.734615384615385,11.723999999999998,0.0,0
Mumbai,1995,4,Pre-Monsoon,28.96333333333333,34.07931034482758,23.35925925925926,10.673076923076923,0.0,0
Mumbai,1995,5,Pre-Monsoon,30.451612903225808,33.99032258064516,27.217241379310344,6.817241379310344,0.0,0
Mumbai,1995,6,Monsoon,30.71333333333333,33.96333333333333,27.99230769230769,5.946153846153846,68.1,8
Mumbai,1995,7,Monsoon,28.24516129032258,30.651612903225807,25.884615384615383,4.738461538461538,658.7,24
Mumbai,1995,8,Monsoon,28.480645161290322,31.322580645161292,25.914285714285715,5.325,420.2,21
Mumbai,1995,9,Monsoon,27.61,30.96551724137931,24.71923076923077,6.161538461538461,521.0,13
Mumbai,1995,10,Post-Monsoon,28.551612903225806,33.79354838709677,24.0,9.73076923076923,58.800000000000004,5
Mumbai,1995,11,Post-Monsoon,25.973333333333336,33.42142857142857,19.234615384615385,14.270833333333334,0.0,0
Mumbai,1995,12,Winter,24.583870967741937,32.63870967741936,17.644000000000002,15.196,0.0,0
Mumbai,1996,1,Winter,23.348387096774193,30.353333333333335,17.155172413793103,13.110714285714286,0.8,0
Mumbai,1996,2,Winter,25.73793103448276,32.32608695652174,18.525000000000002,13.75,0.0,0
Mumbai,1996,3,Pre-Monsoon,28.567741935483873,34.075,22.58888888888889,12.075,0.0,0
Mumbai,1996,4,Pre-Monsoon,29.086666666666666,33.0,23.725925925925928,9.122222222222222,0.0,0
Mumbai,1996,5,Pre-Monsoon,29.761290322580646,33.24333333333333,26.49310344827586,6.7821428571428575,0.0,0
Mumbai,1996,6,Monsoon,29.80666666666667,33.58235294117647,26.68,6.009999999999999,219.3,13
Mumbai,1996,7,Monsoon,28.13225806451613,30.62142857142857,24.983333333333334,5.83,997.1,29
Mumbai,1996,8,Monsoon,28.31935483870968,30.619999999999997,25.03333333333333,5.274999999999999,376.59999999999997,28
Mumbai,1996,9,Monsoon,27.64333333333333,30.78,24.636,6.245,283.8,16
Mumbai,1996,10,Post-Monsoon,28.17096774193548,33.17826086956522,23.153846153846153,10.126315789473683,237.29999999999995,7
Mumbai,1996,11,Post-Monsoon,26.853333333333335,32.98095238095238,19.488,14.05625,0.0,0
Mumbai,1996,12,Winter,26.18064516129032,33.07857142857143,18.611538461538462,14.652000000000001,0.0,0
Mumbai,1997,1,Winter,23.693548387096776,29.990476190476187,15.726923076923075,14.058823529411764,0.0,0
Mumbai,1997,2,Winter,24.553571428571427,30.466666666666665,15.974074074074075,14.549999999999999,0.0,0
Mumbai,1997,3,Pre-Monsoon,27.9741935483871,33.56,20.83478260869565,12.523076923076921,0.0,0
Mumbai,1997,4,Pre-Monsoon,28.543333333333333,33.3,23.628571428571426,9.559999999999999,0.0,0
Mumbai,1997,5,Pre-Monsoon,30.048387096774192,33.6625,25.795833333333334,5.750000000000002,0.0,0
Mumbai,1997,6,Monsoon,28.36,31.862068965517242,25.827272727272728,5.94,460.5,16
Mumbai,1997,7,Monsoon,27.396774193548385,31.02,,,507.3,17
Mumbai,1997,8,Monsoon,27.648387096774194,30.523076923076925,25.263636363636362,4.924999999999999,395.8,23
Mumbai,1997,9,Monsoon,28.540000000000003,31.3,24.888461538461538,6.300000000000001,301.4,11
Mumbai,1997,10,Post-Monsoon,29.93548387096774,35.160000000000004,23.376923076923074,11.66,110.0,1
Mumbai,1997,11,Post-Monsoon,29.14333333333333,33.13333333333333,23.161538461538463,10.457142857142857,57.9,3
Mumbai,1997,12,Winter,25.883870967741935,,19.192307692307693,,21.1,2
Mumbai,1998,1,Winter,24.358064516129033,31.476470588235294,17.222727272727273,13.808333333333335,0.0,0
Mumbai,1998,2,Winter,24.603571428571428,31.16190476190476,17.263157894736842,13.846153846153847,0.0,0
Mumbai,1998,3,Pre-Monsoon,26.96451612903226,33.23636363636364,20.16923076923077,12.27,0.0,0
Mumbai,1998,4,Pre-Monsoon,28.60666666666667,33.32222222222222,24.60909090909091,9.022222222222222,106.9,1
Mumbai,1998,5,Pre-Monsoon,30.932258064516127,34.481818181818184,27.675,6.859999999999999,0.0,0
Mumbai,1998,6,Monsoon,30.009999999999998,31.53076923076923,27.78125,5.899999999999999,498.9,14
Mumbai,1998,7,Monsoon,28.429032258064513,31.24090909090909,26.272222222222222,5.215384615384616,503.3,22
Mumbai,1998,8,Monsoon,28.596774193548388,30.938888888888886,25.839130434782607,4.946666666666667,561.1,20
Mumbai,1998,9,Monsoon,28.206666666666667,31.484210526315792,25.172727272727272,6.521428571428572,539.2,17
Mumbai,1998,10,Post-Monsoon,28.54516129032258,32.800000000000004,24.05,8.9375,316.6,11
Mumbai,1998,11,Post-Monsoon,27.58,33.13181818181818,21.873076923076926,11.894444444444444,20.0,2
Mumbai,1998,12,Winter,25.932258064516127,32.72631578947368,18.326923076923077,13.86875,0.0,0
Mumbai,1999,1,Winter,24.37,31.672727272727272,16.24,15.642857142857142,0.0,0
Mumbai,1999,2,Winter,27.75357142857143,35.975,20.170833333333334,13.274999999999999,0.0,0
Mumbai,1999,3,Pre-Monsoon,28.174193548387095,33.955,21.116,12.44375,0.0,0
Mumbai,1999,4,Pre-Monsoon,28.77,32.324,23.996296296296297,8.227272727272727,0.0,0
Mumbai,1999,5,Pre-Monsoon,29.425806451612903,32.8125,25.818181818181817,6.5200000000000005,31.9,3
Mumbai,1999,6,Monsoon,28.32333333333333,31.348275862068967,25.81875,5.273333333333334,507.6,17
Mumbai,1999,7,Monsoon,27.896774193548385,30.82857142857143,25.78,4.942105263157894,448.2,19
Mumbai,1999,8,Monsoon,27.73225806451613,30.589285714285715,25.548148148148147,5.0,168.7,16
Mumbai,1999,9,Monsoon,27.5,31.0,24.823076923076922,6.1,372.1,17
Mumbai,1999,10,Post-Monsoon,27.90967741935484,33.49583333333333,23.130000000000003,9.733333333333333,186.2,5
Mumbai,1999,11,Post-Monsoon,28.09333333333333,34.309090909090905,20.57,13.737499999999999,0.0,0
Mumbai,1999,12,Winter,25.838709677419356,32.80909090909091,17.36,15.77692307692308,0.0,0
Mumbai,2000,1,Winter,25.654838709677417,32.39565217391304,17.645454545454545,15.40625,0.0,0
Mumbai,2000,2,Winter,24.727586206896554,30.15,17.470000000000002,12.13125,0.0,0
Mumbai,2000,3,Pre-Monsoon,26.938709677419357,32.336363636363636,19.424,13.547058823529412,0.0,0
Mumbai,2000,4,Pre-Monsoon,28.94333333333333,32.81363636363636,24.604,8.333333333333334,0.0,0
Mumbai,2000,5,Pre-Monsoon,29.33225806451613,32.986666666666665,26.30952380952381,6.542857142857143,249.7,7
Mumbai,2000,6,Monsoon,28.94,32.1,26.005000000000003,5.8999999999999995,336.3,15
Mumbai,2000,7,Monsoon,27.79032258064516,30.41578947368421,25.47142857142857,4.553846153846153,1230.3,19
Mumbai,2000,8,Monsoon,29.041935483870965,30.400000000000002,25.652173913043477,5.083333333333334,322.5,18
Mumbai,2000,9,Monsoon,28.37,31.97083333333333,25.041176470588233,6.6692307692307695,48.199999999999996,5
Mumbai,2000,10,Post-Monsoon,28.45483870967742,33.3962962962963,23.69473684210526,10.066666666666666,45.4,3
Mumbai,2000,11,Post-Monsoon,27.416666666666668,34.481818181818184,20.116,14.163157894736843,0.0,0
Mumbai,2000,12,Winter,25.616129032258065,33.79615384615385,16.214814814814815,18.077272727272728,6.1,1
Mumbai,2001,1,Winter,23.980645161290322,31.317241379310346,17.622222222222224,13.98,2.0,1
Mumbai,2001,2,Winter,23.853571428571428,30.680769230769233,17.26521739130435,13.604761904761904,0.0,0
Mumbai,2001,3,Pre-Monsoon,25.82903225806452,31.374074074074073,21.31304347826087,10.126315789473685,0.0,0
Mumbai,2001,4,Pre-Monsoon,28.373333333333335,34.007407407407406,23.8875,10.045454545454545,1.0,0
Mumbai,2001,5,Pre-Monsoon,29.4741935483871,34.092592592592595,25.853846153846156,7.4799999999999995,23.700000000000003,2
Mumbai,2001,6,Monsoon,28.373333333333335,32.01851851851852,25.23,6.133333333333334,483.0,15
Mumbai,2001,7,Monsoon,27.55806451612903,30.247368421052634,25.10666666666667,4.9142857142857155,726.4,25
Mumbai,2001,8,Monsoon,28.0258064516129,30.133333333333336,24.985714285714288,5.049999999999999,488.6,25
Mumbai,2001,9,Monsoon,28.18,31.5,25.094117647058823,7.56,117.6,10
Mumbai,2001,10,Post-Monsoon,28.729032258064517,33.37407407407407,23.58695652173913,10.37142857142857,56.4,4
Mumbai,2001,11,Post-Monsoon,27.956666666666667,34.69565217391305,21.208333333333332,13.821052631578945,0.0,0
Mumbai,2001,12,Winter,26.538709677419355,34.17272727272727,18.872413793103448,15.5,0.0,0
Mumbai,2002,1,Winter,24.416129032258063,30.8,17.09130434782609,15.466666666666667,0.0,0
Mumbai,2002,2,Winter,25.24642857142857,32.733333333333334,20.12727272727273,13.099999999999998,0.0,0
Mumbai,2002,3,Pre-Monsoon,27.258064516129032,34.26,23.799999999999997,10.963636363636363,0.3,0
Mumbai,2002,4,Pre-Monsoon,29.013333333333332,34.05714285714286,24.955555555555556,9.86,0.0,0
Mumbai,2002,5,Pre-Monsoon,29.70967741935484,34.3551724137931,,,1.0,0
Mumbai,2002,6,Monsoon,28.503333333333334,32.38695652173913,25.933333333333334,5.625,386.6,15
Mumbai,2002,7,Monsoon,29.461290322580645,31.515384615384615,26.869565217391305,4.811111111111113,97.8,11
Mumbai,2002,8,Monsoon,27.503225806451614,29.273333333333333,24.91923076923077,4.658333333333334,667.6,20
Mumbai,2002,9,Monsoon,29.009999999999998,33.0,25.037037037037038,7.9,117.0,8
Mumbai,2002,10,Post-Monsoon,29.59032258064516,34.175,25.016666666666666,9.714285714285714,0.0,0
Mumbai,2002,11,Post-Monsoon,28.39333333333333,33.9,22.26923076923077,11.799999999999999,0.8,0
Mumbai,2002,12,Winter,25.596774193548388,32.605000000000004,19.476190476190474,13.775,0.3,0
Mumbai,2003,1,Winter,24.97741935483871,31.81904761904762,19.488235294117647,12.991666666666665,0.0,0
Mumbai,2003,2,Winter,26.125,30.071428571428573,20.004761904761907,10.175,5.1,1
Mumbai,2003,3,Pre-Monsoon,27.29032258064516,33.018181818181816,20.923809523809524,10.66,0.0,0
Mumbai,2003,4,Pre-Monsoon,28.459999999999997,33.184999999999995,24.314285714285713,9.6375,0.0,0
Mumbai,2003,5,Pre-Monsoon,29.52258064516129,33.388888888888886,25.9625,7.3,0.0,0
Mumbai,2003,6,Monsoon,28.513333333333332,32.21153846153846,25.225,6.099999999999999,779.2,15
Mumbai,2003,7,Monsoon,28.038709677419355,30.59375,25.583333333333332,5.2625,777.1,24
Mumbai,2003,8,Monsoon,28.09032258064516,29.644444444444446,25.555555555555557,4.4875,427.2,24
Mumbai,2003,9,Monsoon,27.85,30.47142857142857,24.9375,5.85,227.6,14
Mumbai,2003,10,Post-Monsoon,29.638709677419353,35.2,23.457692307692305,12.900000000000002,15.0,1
Mumbai,2003,11,Post-Monsoon,28.033333333333335,34.111111111111114,22.441176470588236,13.600000000000001,0.0,0
Mumbai,2003,12,Winter,22.98709677419355,32.76896551724138,17.775,15.625,0.0,0
Mumbai,2004,1,Winter,21.280645161290323,31.026666666666664,16.65,15.950000000000001,0.0,0
Mumbai,2004,2,Winter,23.548275862068966,31.860869565217396,17.846153846153847,15.142857142857142,0.0,0
Mumbai,2004,3,Pre-Monsoon,28.074193548387097,33.146153846153844,20.961111111111112,13.799999999999999,0.0,0
Mumbai,2004,4,Pre-Monsoon,28.346666666666668,33.31818181818182,24.605263157894736,8.673333333333334,0.0,0
Mumbai,2004,5,Pre-Monsoon,29.851612903225806,34.6,26.610000000000003,8.088888888888887,68.9,4
Mumbai,2004,6,Monsoon,28.783333333333335,31.856521739130436,26.145454545454548,5.48888888888889,254.6,13
Mumbai,2004,7,Monsoon,27.57741935483871,30.212500000000002,24.930769230769233,4.660000000000001,819.5,24
Mumbai,2004,8,Monsoon,27.4741935483871,29.44545454545454,24.961904761904766,5.157142857142858,832.4,23
Mumbai,2004,9,Monsoon,28.146666666666665,30.78888888888889,24.873684210526317,5.45,123.8,13
Mumbai,2004,10,Post-Monsoon,27.283870967741933,33.229629629629635,22.375,11.215384615384615,21.6,4
Mumbai,2004,11,Post-Monsoon,27.586666666666666,34.65,21.864285714285717,13.05,0.6,0
Mumbai,2004,12,Winter,26.016129032258064,32.736,18.178571428571427,14.521739130434783,0.0,0
Mumbai,2005,1,Winter,24.370967741935484,31.016666666666666,16.016000000000002,14.950000000000001,0.3,0
Mumbai,2005,2,Winter,26.77857142857143,32.3625,17.924,15.0,0.0,0
Mumbai,2005,3,Pre-Monsoon,27.096774193548388,32.00476190476191,20.860714285714288,11.023809523809524,0.0,0
Mumbai,2005,4,Pre-Monsoon,29.016666666666666,34.300000000000004,23.833333333333332,10.447368421052632,0.0,0
Mumbai,2005,5,Pre-Monsoon,29.593548387096774,33.43,26.196428571428573,7.260714285714285,0.0,0
Mumbai,2005,6,Monsoon,29.763333333333332,32.8,27.552380952380954,5.83,564.2,14
Mumbai,2005,7,Monsoon,28.116129032258065,30.982608695652175,25.5,5.118181818181818,952.3,21
Mumbai,2005,8,Monsoon,27.241935483870968,30.27037037037037,24.97,5.26111111111111,527.2,22
Mumbai,2005,9,Monsoon,27.013333333333332,30.065384615384616,24.59090909090909,5.46,743.0,21
Mumbai,2005,10,Post-Monsoon,27.91290322580645,33.4,22.927272727272726,10.55,32.3,2
Mumbai,2005,11,Post-Monsoon,26.466666666666665,34.14642857142857,18.496296296296297,15.726923076923075,0.0,0
Mumbai,2005,12,Winter,24.961290322580645,32.11034482758621,16.170833333333334,15.55909090909091,0.0,0
Mumbai,2006,1,Winter,24.719354838709677,33.08965517241379,16.264285714285712,16.646153846153847,0.0,0
Mumbai,2006,2,Winter,26.885714285714283,34.26,18.635714285714283,15.62,0.0,0
Mumbai,2006,3,Pre-Monsoon,27.006451612903227,32.58275862068965,20.831999999999997,11.962499999999999,12.9,1
Mumbai,2006,4,Pre-Monsoon,27.896666666666665,32.47666666666667,23.57586206896552,8.951724137931036,0.0,0
Mumbai,2006,5,Pre-Monsoon,29.203225806451613,33.54666666666667,26.261904761904763,7.215000000000001,45.0,1
Mumbai,2006,6,Monsoon,28.503333333333334,32.7037037037037,25.84705882352941,6.69375,479.5,14
Mumbai,2006,7,Monsoon,27.22258064516129,30.420833333333334,25.1125,5.083333333333333,1060.0,25
Mumbai,2006,8,Monsoon,26.532258064516128,29.55,25.39090909090909,4.6000000000000005,945.4,26
Mumbai,2006,9,Monsoon,27.19333333333333,31.082142857142856,24.886666666666667,6.442857142857143,183.9,10
Mumbai,2006,10,Post-Monsoon,28.95483870967742,34.230000000000004,24.123809523809523,10.366666666666665,201.1,4
Mumbai,2006,11,Post-Monsoon,27.970000000000002,34.03666666666667,21.708000000000002,12.452,0.0,0
Mumbai,2006,12,Winter,26.203225806451613,33.25666666666667,18.488,14.887500000000001,0.0,0
Mumbai,2007,1,Winter,25.403225806451612,32.675862068965515,17.96206896551724,14.518518518518519,0.0,0
Mumbai,2007,2,Winter,25.70357142857143,31.514814814814812,19.61904761904762,11.84,0.3,0
Mumbai,2007,3,Pre-Monsoon,28.048387096774192,33.932258064516134,22.035999999999998,12.392000000000001,0.0,0
Mumbai,2007,4,Pre-Monsoon,29.436666666666667,33.81785714285714,25.084615384615386,8.751999999999999,0.0,0
Mumbai,2007,5,Pre-Monsoon,30.11935483870968,33.9483870967742,27.530434782608697,6.360869565217392,0.0,0
Mumbai,2007,6,Monsoon,29.013333333333332,33.11923076923077,25.666666666666668,7.06153846153846,751.3,19
Mumbai,2007,7,Monsoon,28.174193548387095,31.150000000000002,25.968181818181815,5.142857142857143,670.0,20
Mumbai,2007,8,Monsoon,27.858064516129033,30.52857142857143,25.588,4.961111111111111,439.2,21
Mumbai,2007,9,Monsoon,27.956666666666667,31.2,24.90740740740741,6.352380952380953,432.5,20
Mumbai,2007,10,Post-Monsoon,29.38064516129032,33.71818181818182,22.272,10.91764705882353,0.0,0
Mumbai,2007,11,Post-Monsoon,28.386666666666667,33.98636363636364,19.95909090909091,14.358823529411765,0.0,0
Mumbai,2007,12,Winter,26.66774193548387,32.595454545454544,17.996153846153845,14.316666666666666,0.0,0
Mumbai,2008,1,Winter,24.312903225806455,30.904545454545453,14.523333333333333,16.50952380952381,0.0,0
Mumbai,2008,2,Winter,24.224137931034484,30.085714285714282,14.63846153846154,16.378947368421052,0.0,0
Mumbai,2008,3,Pre-Monsoon,27.87741935483871,32.018181818181816,20.985714285714288,10.426315789473684,0.0,0
Mumbai,2008,4,Pre-Monsoon,29.473333333333336,33.378571428571426,24.123333333333335,9.335714285714285,0.0,0
Mumbai,2008,5,Pre-Monsoon,30.425806451612903,33.8,27.323333333333334,6.3999999999999995,1.0,0
Mumbai,2008,6,Monsoon,28.683333333333334,31.928,26.30952380952381,5.141176470588235,801.5,20
Mumbai,2008,7,Monsoon,27.861290322580647,30.646153846153844,25.616666666666664,5.004761904761905,948.2,22
Mumbai,2008,8,Monsoon,27.206451612903226,29.950000000000003,24.837500000000002,5.23,627.6,22
Mumbai,2008,9,Monsoon,27.336666666666666,30.641379310344828,24.280952380952378,6.552380952380953,327.0,16
Mumbai,2008,10,Post-Monsoon,29.42258064516129,34.16538461538461,22.814814814814813,11.6,16.8,2
Mumbai,2008,11,Post-Monsoon,28.746666666666666,34.54642857142857,20.648275862068964,13.875,0.0,0
Mumbai,2008,12,Winter,27.287096774193547,34.111111111111114,19.418518518518518,14.549999999999999,0.0,0
Mumbai,2009,1,Winter,26.093548387096774,32.938709677419354,17.916129032258063,15.02258064516129,0.0,0
Mumbai,2009,2,Winter,26.560714285714287,32.715384615384615,18.192857142857143,14.588461538461539,0.0,0
Mumbai,2009,3,Pre-Monsoon,28.94516129032258,34.38,21.756666666666668,12.666666666666666,0.0,0
Mumbai,2009,4,Pre-Monsoon,30.346666666666668,34.39473684210526,25.042857142857144,9.13888888888889,0.0,0
Mumbai,2009,5,Pre-Monsoon,30.151612903225807,33.95161290322581,27.322222222222223,6.662962962962962,0.3,0
Mumbai,2009,6,Monsoon,29.95,33.73076923076923,27.935294117647057,5.879999999999999,196.5,8
Mumbai,2009,7,Monsoon,27.60967741935484,30.1875,25.030434782608697,5.057894736842106,1143.8,30
Mumbai,2009,8,Monsoon,28.212903225806453,31.10967741935484,25.926923076923078,5.165384615384616,289.5,15
Mumbai,2009,9,Monsoon,28.246666666666666,31.392857142857142,25.395454545454548,6.285,312.90000000000003,12
Mumbai,2009,10,Post-Monsoon,29.032258064516128,33.20869565217391,22.75,10.56842105263158,222.7,4
Mumbai,2009,11,Post-Monsoon,28.040000000000003,33.044444444444444,21.72307692307692,11.366666666666667,77.1,3
Mumbai,2009,12,Winter,26.761290322580646,32.21153846153846,19.117241379310343,12.672,0.0,0
Mumbai,2010,1,Winter,26.706451612903226,32.710344827586205,18.295454545454547,14.72857142857143,0.0,0
Mumbai,2010,2,Winter,26.435714285714287,31.900000000000002,18.924,12.936363636363636,0.0,0
Mumbai,2010,3,Pre-Monsoon,28.54516129032258,33.22592592592593,22.166666666666668,11.038461538461538,0.0,0
Mumbai,2010,4,Pre-Monsoon,30.323333333333334,34.625,24.657142857142855,9.746153846153847,0.8,0
Mumbai,2010,5,Pre-Monsoon,31.04516129032258,34.737931034482756,27.793548387096774,6.951724137931034,0.0,0
Mumbai,2010,6,Monsoon,29.14,32.96551724137931,25.68095238095238,7.2,711.4,17
Mumbai,2010,7,Monsoon,27.493548387096773,30.85238095238095,24.8,5.806666666666667,1216.0,27
Mumbai,2010,8,Monsoon,27.383870967741935,30.366666666666664,24.936363636363637,5.316666666666667,1020.3,26
Mumbai,2010,9,Monsoon,28.223333333333336,31.673333333333336,25.15416666666667,6.525000000000001,328.3,16
Mumbai,2010,10,Post-Monsoon,28.961290322580645,33.218518518518515,24.375,9.022727272727273,39.5,4
Mumbai,2010,11,Post-Monsoon,28.493333333333332,33.644,23.62222222222222,10.030434782608696,41.1,4
Mumbai,2010,12,Winter,25.138709677419353,30.55806451612903,17.462962962962962,13.144444444444444,0.0,0
Mumbai,2011,1,Winter,24.916129032258063,31.753333333333334,14.641379310344828,17.08214285714286,0.0,0
Mumbai,2011,2,Winter,26.15357142857143,32.18076923076923,17.103846153846153,15.5,0.0,0
Mumbai,2011,3,Pre-Monsoon,29.03870967741935,35.258620689655174,19.996,15.92608695652174,0.0,0
Mumbai,2011,4,Pre-Monsoon,28.716666666666665,32.96896551724138,23.776666666666664,9.206896551724139,0.0,0
Mumbai,2011,5,Pre-Monsoon,29.812903225806455,33.49032258064516,26.727586206896554,6.727586206896553,0.0,0
Mumbai,2011,6,Monsoon,28.77,32.356521739130436,26.289473684210527,5.905882352941177,320.3,17
Mumbai,2011,7,Monsoon,27.338709677419356,30.464000000000002,24.791999999999998,5.335,1362.8,28
Mumbai,2011,8,Monsoon,27.458064516129035,30.131999999999998,25.456521739130434,4.815789473684211,622.5,23
Mumbai,2011,9,Monsoon,27.563333333333333,30.864285714285717,24.555999999999997,6.421739130434782,275.4,19
Mumbai,2011,10,Post-Monsoon,29.27741935483871,34.00714285714286,23.610714285714288,10.495999999999999,120.39999999999999,5
Mumbai,2011,11,Post-Monsoon,29.4,35.36666666666667,21.603448275862068,13.757692307692308,0.0,0
Mumbai,2011,12,Winter,26.725806451612904,33.46551724137931,17.532142857142855,15.86923076923077,0.0,0
Mumbai,2012,1,Winter,23.606451612903225,29.775862068965516,14.817241379310344,15.11111111111111,0.0,0
Mumbai,2012,2,Winter,25.56551724137931,32.38620689655173,16.12,16.724,0.0,0
Mumbai,2012,3,Pre-Monsoon,26.903225806451612,32.36896551724138,18.821428571428573,13.88076923076923,0.0,0
Mumbai,2012,4,Pre-Monsoon,29.296666666666667,33.69310344827586,24.162068965517243,9.607142857142858,0.0,0
Mumbai,2012,5,Pre-Monsoon,29.425806451612903,33.222580645161294,26.253333333333334,6.983333333333333,0.0,0
Mumbai,2012,6,Monsoon,29.376666666666665,33.37241379310345,26.36842105263158,7.005263157894737,297.8,11
Mumbai,2012,7,Monsoon,28.24516129032258,30.96153846153846,25.61904761904762,5.155555555555556,624.4,23
Mumbai,2012,8,Monsoon,27.81935483870968,30.566666666666666,25.50344827586207,4.957142857142857,379.3,23
Mumbai,2012,9,Monsoon,27.80666666666667,31.0,24.654545454545453,6.475,562.5,21
Mumbai,2012,10,Post-Monsoon,29.258064516129032,34.188,23.566666666666666,10.5,196.8,7
Mumbai,2012,11,Post-Monsoon,27.53666666666667,33.207692307692305,19.071428571428573,14.383333333333333,0.0,0
Mumbai,2012,12,Winter,26.40967741935484,32.54642857142857,18.46206896551724,13.915384615384616,0.0,0
Mumbai,2013,1,Winter,23.874193548387098,30.703333333333333,14.373076923076923,16.392,0.0,0
Mumbai,2013,2,Winter,25.917857142857144,31.208000000000002,17.453846153846154,14.35217391304348,0.0,0
Mumbai,2013,3,Pre-Monsoon,28.351612903225806,34.038709677419355,19.345161290322583,14.693548387096774,0.0,0
Mumbai,2013,4,Pre-Monsoon,28.836666666666666,32.92142857142857,22.15,10.882142857142856,0.0,0
Mumbai,2013,5,Pre-Monsoon,30.177419354838708,33.75,25.93548387096774,7.883333333333332,0.0,0
Mumbai,2013,6,Monsoon,28.259999999999998,32.03,24.385714285714283,7.294736842105263,967.1,22
Mumbai,2013,7,Monsoon,27.306451612903224,30.095,23.774193548387096,6.180000000000001,955.9,29
Mumbai,2013,8,Monsoon,27.432258064516127,30.06551724137931,23.893103448275863,6.2333333333333325,254.6,26
Mumbai,2013,9,Monsoon,27.803333333333335,31.339285714285715,24.891304347826086,6.5476190476190474,190.5,17
Mumbai,2013,10,Post-Monsoon,28.925806451612903,32.6551724137931,24.3875,8.331818181818182,84.8,7
Mumbai,2013,11,Post-Monsoon,28.553333333333335,34.08,21.412,12.815000000000001,0.0,0
Mumbai,2013,12,Winter,26.09032258064516,32.099999999999994,19.205263157894734,13.95,0.0,0
Mumbai,2014,1,Winter,24.961290322580645,30.567857142857143,,,0.0,0
Mumbai,2014,2,Winter,25.417857142857144,30.66,,,0.0,0
Mumbai,2014,3,Pre-Monsoon,28.041935483870965,32.81428571428571,20.6,8.899999999999999,0.0,0
Mumbai,2014,4,Pre-Monsoon,28.98,33.403333333333336,,,0.0,0
Mumbai,2014,5,Pre-Monsoon,30.312903225806455,34.061290322580646,27.25,6.25,0.0,0
Mumbai,2014,6,Monsoon,30.986666666666668,34.050000000000004,,,87.9,7
Mumbai,2014,7,Monsoon,27.693548387096776,30.621052631578944,24.3,4.699999999999999,1460.7,29
Mumbai,2014,8,Monsoon,27.725806451612904,30.385185185185183,,,456.5,25
Mumbai,2014,9,Monsoon,28.216666666666665,31.365384615384617,,,287.8,15
Mumbai,2014,10,Post-Monsoon,30.080645161290324,34.61818181818182,24.3,7.949999999999999,0.6,0
Mumbai,2014,11,Post-Monsoon,29.423333333333336,34.94615384615385,24.8,,6.0,2
Mumbai,2014,12,Winter,26.261290322580646,32.357142857142854,,,1.0,0
Mumbai,2015,1,Winter,24.932258064516127,30.71923076923077,,,0.0,0
Mumbai,2015,2,Winter,26.474999999999998,32.304761904761904,16.0,16.0,0.0,0
Mumbai,2015,3,Pre-Monsoon,28.67096774193548,33.32173913043478,22.444444444444443,11.927272727272726,14.2,3
Mumbai,2015,4,Pre-Monsoon,29.506666666666668,33.13793103448276,23.953333333333333,9.22758620689655,0.0,0
Mumbai,2015,5,Pre-Monsoon,31.241935483870968,34.489285714285714,26.88064516129032,7.5,0.0,0
Mumbai,2015,6,Monsoon,29.013333333333332,33.55714285714286,26.024,6.911764705882352,1018.7,14
Mumbai,2015,7,Monsoon,29.164516129032258,31.762962962962963,26.362068965517242,5.311538461538461,360.5,19
Mumbai,2015,8,Monsoon,28.30322580645161,31.127586206896552,25.063333333333333,6.060714285714286,153.7,22
Mumbai,2015,9,Monsoon,28.876666666666665,32.3,24.196296296296296,8.131818181818183,204.4,14
Mumbai,2015,10,Post-Monsoon,30.68064516129032,35.44642857142857,24.23333333333333,11.200000000000001,12.3,2
Mumbai,2015,11,Post-Monsoon,29.896666666666665,35.36296296296296,21.723333333333336,13.7,2.0,1
Mumbai,2015,12,Winter,27.16774193548387,33.093548387096774,16.95483870967742,16.138709677419357,0.0,0
Mumbai,2016,1,Winter,25.75483870967742,31.270967741935483,16.403225806451612,14.86774193548387,0.0,0
Mumbai,2016,2,Winter,26.017241379310345,30.56153846153846,18.482758620689655,12.01923076923077,0.0,0
Mumbai,2016,3,Pre-Monsoon,29.29032258064516,33.553333333333335,22.183870967741935,11.303333333333335,0.0,0
Mumbai,2016,4,Pre-Monsoon,29.8,33.406666666666666,24.186666666666667,9.22,0.0,0
Mumbai,2016,5,Pre-Monsoon,30.874193548387098,34.03548387096774,27.31935483870968,6.716129032258065,0.0,0
Mumbai,2016,6,Monsoon,29.853333333333335,32.23571428571429,26.613333333333333,5.792857142857143,657.6,14
Mumbai,2016,7,Monsoon,27.5,29.603333333333335,24.570967741935487,5.046666666666667,1023.8,29
Mumbai,2016,8,Monsoon,27.9,29.866666666666667,25.080645161290324,4.796666666666667,562.7,25
Mumbai,2016,9,Monsoon,27.516666666666666,29.76153846153846,23.91,5.9423076923076925,712.8000000000001,18
Mumbai,2016,10,Post-Monsoon,28.4741935483871,32.19655172413793,22.548387096774192,9.706896551724139,79.5,6
Mumbai,2016,11,Post-Monsoon,28.413333333333334,34.39310344827586,18.779999999999998,15.73103448275862,0.0,0
Mumbai,2016,12,Winter,27.46451612903226,33.34137931034483,17.893548387096775,15.327586206896552,0.0,0
Mumbai,2017,1,Winter,25.98709677419355,31.220689655172414,16.35483870967742,14.855172413793104,0.0,0
Mumbai,2017,2,Winter,27.785714285714285,33.536,18.064285714285713,15.62,0.0,0
Mumbai,2017,3,Pre-Monsoon,28.674193548387095,33.19285714285714,20.458064516129035,12.72857142857143,0.0,0
Mumbai,2017,4,Pre-Monsoon,29.946666666666665,33.724137931034484,23.69,10.093103448275864,0.0,0
Mumbai,2017,5,Pre-Monsoon,30.932258064516127,34.07857142857143,26.30322580645161,7.703571428571428,3.3,1
Mumbai,2017,6,Monsoon,29.573333333333334,32.45517241379311,26.113793103448273,6.341379310344828,522.3,19
Mumbai,2017,7,Monsoon,28.43548387096774,30.486666666666668,25.116129032258065,5.373333333333334,867.2,25
Mumbai,2017,8,Monsoon,28.06451612903226,30.753333333333334,25.125806451612902,5.6066666666666665,949.6,23
Mumbai,2017,9,Monsoon,28.636666666666667,31.49,25.557142857142857,5.805,597.6999999999999,9
Mumbai,2017,10,Post-Monsoon,29.65806451612903,33.53548387096774,24.925806451612903,8.609677419354838,38.1,2
Mumbai,2017,11,Post-Monsoon,28.720000000000002,33.82,20.80666666666667,13.013333333333334,0.0,0
Mumbai,2017,12,Winter,26.24516129032258,30.64,18.403225806451612,12.343333333333334,76.2,2
Mumbai,2018,1,Winter,26.364516129032257,31.46923076923077,17.258064516129032,14.23076923076923,0.0,0
Mumbai,2018,2,Winter,27.967857142857145,32.92857142857143,18.864285714285717,14.064285714285715,0.0,0
Mumbai,2018,3,Pre-Monsoon,29.280645161290323,33.593548387096774,21.896774193548385,11.696774193548388,0.0,0
Mumbai,2018,4,Pre-Monsoon,29.993333333333332,33.593333333333334,23.73,9.863333333333335,0.0,0
Mumbai,2018,5,Pre-Monsoon,30.98709677419355,33.99310344827586,26.567741935483873,7.441379310344828,0.0,0
Mumbai,2018,6,Monsoon,29.413333333333334,32.075,25.05666666666667,7.142857142857143,691.6,18
Mumbai,2018,7,Monsoon,27.958064516129035,30.006666666666668,25.316129032258065,4.59,1107.0,21
Mumbai,2018,8,Monsoon,27.69677419354839,29.63225806451613,25.174193548387095,4.458064516129032,235.6,26
Mumbai,2018,9,Monsoon,28.506666666666668,31.35666666666667,24.63,6.7266666666666675,71.1,11
Mumbai,2018,10,Post-Monsoon,30.809677419354838,35.47096774193548,24.206451612903226,11.264516129032259,54.1,2
Mumbai,2018,11,Post-Monsoon,29.709999999999997,34.82,21.95,12.870000000000001,0.0,0
Mumbai,2018,12,Winter,26.483870967741936,31.729032258064517,18.238709677419354,13.490322580645161,0.0,0
Mumbai,2019,1,Winter,25.251612903225805,30.822580645161292,16.061290322580643,14.761290322580646,0.0,0
Mumbai,2019,2,Winter,25.989285714285717,30.864285714285717,17.510714285714286,13.353571428571428,0.0,0
Mumbai,2019,3,Pre-Monsoon,27.81935483870968,32.0258064516129,20.370967741935484,11.654838709677419,0.0,0
Mumbai,2019,4,Pre-Monsoon,29.82,33.440000000000005,24.253333333333334,9.186666666666667,0.0,0
Mumbai,2019,5,Pre-Monsoon,30.27741935483871,33.41290322580645,26.006451612903227,7.406451612903226,0.0,0
Mumbai,2019,6,Monsoon,29.953333333333333,33.27333333333333,26.726666666666667,6.546666666666667,516.4,14
Mumbai,2019,7,Monsoon,28.4741935483871,30.496774193548386,25.283870967741933,5.212903225806452,1464.0,28
Mumbai,2019,8,Monsoon,28.274193548387096,30.23225806451613,25.458064516129035,4.774193548387097,371.5,24
Mumbai,2019,9,Monsoon,27.566666666666666,30.083333333333332,24.616666666666667,5.466666666666667,1114.5,24
Mumbai,2019,10,Post-Monsoon,29.032258064516128,32.43225806451613,24.29032258064516,8.141935483870968,35.0,6
Mumbai,2019,11,Post-Monsoon,29.040000000000003,33.14666666666667,23.02,10.126666666666667,63.0,2
Mumbai,2019,12,Winter,27.580645161290324,31.864516129032257,21.44516129032258,10.419354838709678,1.0,0
Mumbai,2020,1,Winter,25.164516129032258,29.92258064516129,17.97741935483871,11.94516129032258,0.0,0
Mumbai,2020,2,Winter,27.675862068965518,32.61379310344827,19.400000000000002,13.213793103448275,0.0,0
Mumbai,2020,3,Pre-Monsoon,27.848387096774193,31.967741935483872,21.151612903225807,10.816129032258065,0.0,0
Mumbai,2020,4,Pre-Monsoon,30.216666666666665,33.9,25.046666666666667,8.853333333333333,0.0,0
Mumbai,2020,5,Pre-Monsoon,31.07741935483871,33.97096774193548,27.425806451612903,6.54516129032258,0.0,0
Mumbai,2020,6,Monsoon,29.203333333333333,32.346666666666664,25.916666666666668,6.430000000000001,376.0,16
Mumbai,2020,7,Monsoon,28.067741935483873,30.490322580645163,25.351612903225806,5.138709677419355,1501.9,29
Mumbai,2020,8,Monsoon,27.635483870967743,29.625806451612902,25.048387096774192,4.577419354838709,826.5,27
Mumbai,2020,9,Monsoon,28.459999999999997,31.373333333333335,25.25,6.123333333333334,543.3,17
Mumbai,2020,10,Post-Monsoon,29.361290322580647,32.670967741935485,25.02258064516129,7.648387096774194,164.1,3
Mumbai,2020,11,Post-Monsoon,29.15,33.913333333333334,21.823333333333334,12.09,0.0,0
Mumbai,2020,12,Winter,26.980645161290322,32.27741935483871,19.874193548387098,12.403225806451612,7.699999999999999,1
Mumbai,2021,1,Winter,26.200000000000003,30.974193548387095,19.23548387096774,11.738709677419354,0.6,0
Mumbai,2021,2,Winter,27.539285714285715,32.9,20.285714285714285,12.614285714285714,0.3,0
Mumbai,2021,3,Pre-Monsoon,29.861290322580647,34.9741935483871,23.34193548387097,11.63225806451613,0.0,0
Mumbai,2021,4,Pre-Monsoon,30.03666666666667,33.56666666666667,26.246666666666666,7.320000000000001,0.0,0
Mumbai,2021,5,Pre-Monsoon,30.70967741935484,33.78064516129032,27.82903225806452,5.951612903225806,266.8,7
Mumbai,2021,6,Monsoon,28.646666666666665,31.48,25.55,5.930000000000001,742.7,24
Mumbai,2021,7,Monsoon,28.63225806451613,30.81935483870968,25.706451612903226,5.112903225806452,1094.6,27
Mumbai,2021,8,Monsoon,27.758064516129032,30.038709677419355,25.1,4.938709677419355,344.8,23
Mumbai,2021,9,Monsoon,27.67,30.14,24.779999999999998,5.359999999999999,666.6,26
Mumbai,2021,10,Post-Monsoon,29.432258064516127,33.49677419354839,25.225806451612904,8.270967741935483,15.9,4
Mumbai,2021,11,Post-Monsoon,29.466666666666665,34.14666666666667,24.973333333333336,9.173333333333334,63.5,5
Mumbai,2021,12,Winter,25.82903225806452,30.567741935483873,20.958064516129035,9.60967741935484,96.10000000000001,2
Mumbai,2022,1,Winter,24.470967741935485,29.348387096774193,19.348387096774193,10.0,5.5,2
Mumbai,2022,2,Winter,25.264285714285712,30.489285714285717,19.314285714285713,11.175,0.0,0
Mumbai,2022,3,Pre-Monsoon,29.967741935483872,34.903225806451616,24.703225806451613,10.2,0.1,0
Mumbai,2022,4,Pre-Monsoon,30.566666666666666,34.473333333333336,26.77,7.703333333333333,0.0,0
Mumbai,2022,5,Pre-Monsoon,30.87741935483871,34.00645161290323,28.809677419354838,5.196774193548387,0.5,0
Mumbai,2022,6,Monsoon,29.240000000000002,32.88,26.529999999999998,6.35,298.3,18
Mumbai,2022,7,Monsoon,27.648000000000003,29.54,25.112,4.428,1175.3,24
Rajasthan,1990,1,Winter,21.193548387096776,28.224,14.311538461538463,14.366666666666665,0.0,0
Rajasthan,1990,2,Winter,23.87142857142857,30.708333333333332,17.456521739130434,13.614285714285714,0.0,0
Rajasthan,1990,3,Pre-Monsoon,26.48709677419355,32.63793103448276,20.811999999999998,11.654166666666667,3.5999999999999996,1
Rajasthan,1990,4,Pre-Monsoon,28.43,34.6,22.666666666666668,11.963636363636363,211.79999999999998,3
Rajasthan,1990,5,Pre-Monsoon,25.73076923076923,31.836363636363636,21.577777777777776,10.094117647058823,132.2,8
Rajasthan,1990,6,Monsoon,23.69,28.770370370370372,20.04736842105263,8.75,40.1,6
Rajasthan,1990,7,Monsoon,22.851612903225806,28.1037037037037,19.374074074074073,8.695652173913043,26.0,5
Rajasthan,1990,8,Monsoon,22.293548387096774,26.849999999999998,19.623076923076923,7.320833333333333,75.3,9
Rajasthan,1990,9,Monsoon,23.686666666666667,28.842857142857145,19.985714285714284,8.795238095238094,40.9,5
Rajasthan,1990,10,Post-Monsoon,23.263333333333332,28.15833333333333,19.437037037037037,8.55,37.6,3
Rajasthan,1990,11,Post-Monsoon,21.895652173913046,27.38125,18.176470588235293,9.563636363636364,99.5,4
Rajasthan,1990,12,Winter,20.970000000000002,26.33703703703704,16.213636363636365,10.431578947368422,0.0,0
Rajasthan,1991,1,Winter,22.013793103448275,28.70434782608696,16.40869565217391,12.421052631578947,0.3,0
Rajasthan,1991,2,Winter,24.0,30.996,17.40714285714286,13.64,0.0,0
Rajasthan,1991,3,Pre-Monsoon,27.351612903225806,34.04482758620689,20.773076923076925,13.436,0.0,0
Rajasthan,1991,4,Pre-Monsoon,27.013333333333332,33.714285714285715,21.878260869565217,11.921739130434782,34.4,5
Rajasthan,1991,5,Pre-Monsoon,27.00344827586207,33.596,21.875,11.653846153846157,128.5,5
Rajasthan,1991,6,Monsoon,23.55,28.37391304347826,20.672222222222224,7.933333333333334,49.0,5
Rajasthan,1991,7,Monsoon,22.416129032258063,26.94074074074074,19.56,7.495652173913044,34.4,4
Rajasthan,1991,8,Monsoon,22.34,26.78,19.108695652173914,7.625,98.10000000000001,8
Rajasthan,1991,9,Monsoon,23.683333333333334,28.837500000000002,19.856521739130436,8.8,201.7,15
Rajasthan,1991,10,Post-Monsoon,22.758064516129032,27.65,18.985185185185188,8.55,259.7,7
Rajasthan,1991,11,Post-Monsoon,21.276666666666664,26.11923076923077,17.586363636363636,8.365,293.3,3
Rajasthan,1991,12,Winter,20.248387096774195,26.20689655172414,15.678571428571429,10.426923076923078,0.0,0
Rajasthan,1992,1,Winter,19.799999999999997,26.646428571428572,13.15,13.576190476190478,0.0,0
Rajasthan,1992,2,Winter,23.513793103448275,30.320833333333336,17.768,12.628571428571428,0.0,0
Rajasthan,1992,3,Pre-Monsoon,25.629166666666666,33.75,16.90909090909091,15.800000000000002,106.9,1
Rajasthan,1992,4,Pre-Monsoon,27.53448275862069,34.275,21.675,12.847826086956522,7.699999999999999,2
Rajasthan,1992,5,Pre-Monsoon,26.023333333333333,32.60370370370371,20.905263157894737,11.723529411764707,49.6,4
Rajasthan,1992,6,Monsoon,23.50344827586207,29.108333333333334,20.015,8.688235294117646,158.1,9
Rajasthan,1992,7,Monsoon,22.92258064516129,27.624000000000002,19.656521739130437,7.877777777777778,85.7,5
Rajasthan,1992,8,Monsoon,22.276666666666664,27.451851851851853,19.01304347826087,8.661904761904761,68.3,9
Rajasthan,1992,9,Monsoon,23.05,28.26153846153846,19.5,8.794117647058824,134.70000000000002,7
Rajasthan,1992,10,Post-Monsoon,22.88064516129032,28.151851851851852,19.3125,8.868181818181817,75.7,10
Rajasthan,1992,11,Post-Monsoon,22.136666666666667,26.925,18.465384615384615,8.466666666666667,29.8,5
Rajasthan,1992,12,Winter,19.982142857142858,25.77916666666667,14.405882352941177,10.753846153846155,0.5,0
Rajasthan,1993,1,Winter,20.980645161290322,28.66296296296296,14.117857142857144,14.529166666666669,0.0,0
Rajasthan,1993,2,Winter,23.207142857142856,30.292857142857144,16.622222222222224,13.622222222222222,0.0,0
Rajasthan,1993,3,Pre-Monsoon,25.958064516129035,32.37931034482759,19.87857142857143,12.576923076923077,29.8,3
Rajasthan,1993,4,Pre-Monsoon,27.55,34.35333333333333,21.766666666666666,12.725,10.4,1
Rajasthan,1993,5,Pre-Monsoon,27.148275862068964,34.52916666666667,21.54,12.68125,68.1,6
Rajasthan,1993,6,Monsoon,24.433333333333334,30.024,20.294736842105266,9.686666666666667,75.10000000000001,5
Rajasthan,1993,7,Monsoon,23.26451612903226,28.065384615384616,19.5625,8.629999999999999,68.1,6
Rajasthan,1993,8,Monsoon,23.273333333333333,28.27692307692308,19.7,8.661904761904761,39.5,8
Rajasthan,1993,9,Monsoon,23.34333333333333,28.174074074074074,19.416,8.582608695652175,258.8,9
Rajasthan,1993,10,Post-Monsoon,22.603225806451615,27.634615384615383,19.308695652173913,8.542105263157893,98.1,10
Rajasthan,1993,11,Post-Monsoon,21.80666666666667,26.491999999999997,18.01851851851852,8.283333333333333,20.0,4
Rajasthan,1993,12,Winter,20.23,25.319230769230767,16.165384615384617,9.454545454545455,153.5,5
Rajasthan,1994,1,Winter,20.9,27.45357142857143,15.18,12.318181818181818,0.0,0
Rajasthan,1994,2,Winter,23.357142857142858,29.776,18.067999999999998,11.636363636363637,0.3,0
Rajasthan,1994,3,Pre-Monsoon,26.361290322580647,33.42,19.48076923076923,13.490909090909092,0.0,0
Rajasthan,1994,4,Pre-Monsoon,27.226666666666667,33.38333333333333,21.67391304347826,11.952173913043477,150.1,3
Rajasthan,1994,5,Pre-Monsoon,26.858620689655172,33.804,21.773913043478263,12.459999999999999,14.5,4
Rajasthan,1994,6,Monsoon,23.38,28.642307692307693,20.065,8.633333333333333,31.099999999999998,5
Rajasthan,1994,7,Monsoon,22.509677419354837,26.9,19.80909090909091,6.842105263157895,159.9,14
Rajasthan,1994,8,Monsoon,23.125806451612902,28.088,19.733333333333334,8.31578947368421,56.699999999999996,10
Rajasthan,1994,9,Monsoon,24.086666666666666,29.22962962962963,19.765,9.952941176470588,173.79999999999998,3
Rajasthan,1994,10,Post-Monsoon,22.67,27.944444444444443,19.47826086956522,8.879999999999999,153.9,13
Rajasthan,1994,11,Post-Monsoon,20.953333333333333,25.815384615384616,17.48846153846154,8.639130434782608,25.2,4
Rajasthan,1994,12,Winter,19.948387096774194,26.054166666666664,15.052,10.985,5.1,2
Rajasthan,1995,1,Winter,20.980645161290322,26.86896551724138,16.253846153846155,10.884,18.6,1
Rajasthan,1995,2,Winter,23.900000000000002,30.624000000000002,18.076,12.481818181818182,0.0,0
Rajasthan,1995,3,Pre-Monsoon,26.026666666666664,32.41428571428572,19.358620689655172,13.042857142857143,66.5,2
Rajasthan,1995,4,Pre-Monsoon,27.596666666666668,33.676,21.90740740740741,11.845454545454546,33.8,4
Rajasthan,1995,5,Pre-Monsoon,25.751612903225805,31.71034482758621,21.055999999999997,10.691304347826087,185.6,9
Rajasthan,1995,6,Monsoon,25.142857142857142,30.662499999999998,20.756521739130434,9.457894736842105,22.1,5
Rajasthan,1995,7,Monsoon,23.335483870967742,27.78076923076923,20.065217391304348,7.805,77.5,3
Rajasthan,1995,8,Monsoon,23.44516129032258,28.21851851851852,20.146153846153844,7.970833333333334,163.8,13
Rajasthan,1995,9,Monsoon,23.543333333333333,28.285714285714285,19.904,8.404347826086957,236.7,6
Rajasthan,1995,10,Post-Monsoon,23.39333333333333,27.99285714285714,19.925925925925927,8.084000000000001,133.0,7
Rajasthan,1995,11,Post-Monsoon,23.03103448275862,28.664,18.48695652173913,10.4,12.9,2
Rajasthan,1995,12,Winter,20.74516129032258,27.69677419354839,14.717241379310344,13.0,0.0,0
Rajasthan,1996,1,Winter,21.467741935483872,28.566666666666666,15.617857142857144,12.97391304347826,0.0,0
Rajasthan,1996,2,Winter,23.03793103448276,30.46896551724138,16.733333333333334,13.785185185185187,0.0,0
Rajasthan,1996,3,Pre-Monsoon,26.60322580645161,34.022222222222226,19.38148148148148,14.566666666666668,0.0,0
Rajasthan,1996,4,Pre-Monsoon,26.782758620689656,33.42962962962963,21.650000000000002,12.0,90.5,5
Rajasthan,1996,5,Pre-Monsoon,27.483870967741936,35.265517241379314,21.53076923076923,13.784,41.7,6
Rajasthan,1996,6,Monsoon,24.36896551724138,29.382758620689657,20.061904761904763,9.023809523809524,152.8,9
Rajasthan,1996,7,Monsoon,23.683870967741935,28.703703703703702,20.123076923076926,8.504545454545454,49.300000000000004,5
Rajasthan,1996,8,Monsoon,22.835483870967742,27.646428571428572,19.642307692307693,8.030434782608696,286.0,11
Rajasthan,1996,9,Monsoon,22.86,27.8962962962963,19.855999999999998,8.20909090909091,195.0,14
Rajasthan,1996,10,Post-Monsoon,22.55185185185185,27.743478260869566,19.312,8.557142857142859,83.6,11
Rajasthan,1996,11,Post-Monsoon,22.05666666666667,27.885185185185183,17.595454545454547,10.494736842105263,1.6,0
Rajasthan,1996,12,Winter,19.86774193548387,25.70344827586207,15.694736842105263,10.08235294117647,7.5,1
Rajasthan,1997,1,Winter,20.9,27.717241379310344,16.170833333333334,11.465217391304348,0.0,0
Rajasthan,1997,2,Winter,23.166666666666668,30.976,17.272000000000002,13.6,0.0,0
Rajasthan,1997,3,Pre-Monsoon,24.820689655172412,32.34583333333334,18.927777777777777,13.750000000000002,19.0,3
Rajasthan,1997,4,Pre-Monsoon,25.87,32.729166666666664,20.75769230769231,12.061904761904762,64.1,4
Rajasthan,1997,5,Pre-Monsoon,26.758064516129032,34.12758620689655,21.631999999999998,12.534782608695652,39.9,3
Rajasthan,1997,6,Monsoon,25.016666666666666,31.61923076923077,20.926315789473687,10.694444444444445,74.5,7
Rajasthan,1997,7,Monsoon,23.42258064516129,29.103571428571428,20.128,9.14782608695652,18.1,5
Rajasthan,1997,8,Monsoon,22.958064516129035,28.26153846153846,19.855555555555558,8.490909090909092,156.7,9
Rajasthan,1997,9,Monsoon,23.726666666666667,29.125,19.990909090909092,8.99047619047619,276.8,12
Rajasthan,1997,10,Post-Monsoon,23.163333333333334,29.175,19.654545454545453,9.58421052631579,246.2,5
Rajasthan,1997,11,Post-Monsoon,22.45862068965517,27.15416666666667,19.721739130434784,7.340000000000001,163.5,11
Rajasthan,1997,12,Winter,21.77741935483871,27.037037037037038,18.675,8.530434782608696,19.7,3
Rajasthan,1998,1,Winter,22.32903225806452,29.236,17.816,12.08421052631579,0.0,0
Rajasthan,1998,2,Winter,24.396428571428572,31.291666666666668,19.0,12.322222222222223,0.0,0
Rajasthan,1998,3,Pre-Monsoon,27.09032258064516,34.1551724137931,20.90740740740741,13.208,0.0,0
Rajasthan,1998,4,Pre-Monsoon,28.05,35.04615384615385,22.72608695652174,12.466666666666667,53.4,4
Rajasthan,1998,5,Pre-Monsoon,27.419354838709676,34.08965517241379,22.617391304347827,11.40909090909091,121.3,6
Rajasthan,1998,6,Monsoon,25.326666666666664,30.857692307692307,21.215384615384615,9.472727272727273,87.1,4
Rajasthan,1998,7,Monsoon,23.606451612903225,28.606896551724137,20.292,7.813043478260869,257.1,12
Rajasthan,1998,8,Monsoon,23.476666666666667,28.339285714285715,20.425925925925927,7.892307692307693,271.9,16
Rajasthan,1998,9,Monsoon,23.19,27.732142857142858,20.014814814814812,7.892,152.2,8
Rajasthan,1998,10,Post-Monsoon,22.76451612903226,28.326666666666664,19.596,9.033333333333333,200.6,10
Rajasthan,1998,11,Post-Monsoon,22.366666666666667,27.555555555555557,18.430434782608696,9.019047619047617,48.8,4
Rajasthan,1998,12,Winter,20.75483870967742,26.490322580645163,16.42962962962963,9.966666666666667,19.4,3
Rajasthan,1999,1,Winter,21.196666666666665,28.53666666666667,15.158333333333333,13.512500000000001,0.0,0
Rajasthan,1999,2,Winter,23.610714285714288,30.384615384615383,17.134615384615383,13.220833333333333,16.0,1
Rajasthan,1999,3,Pre-Monsoon,26.751612903225805,34.04333333333334,20.348275862068967,13.775000000000002,0.0,0
Rajasthan,1999,4,Pre-Monsoon,27.03666666666667,34.236,21.120833333333334,13.5,34.0,2
Rajasthan,1999,5,Pre-Monsoon,24.674193548387095,30.73793103448276,20.650000000000002,9.890476190476189,148.5,10
Rajasthan,1999,6,Monsoon,23.71333333333333,29.348148148148148,19.920833333333334,9.461904761904762,25.9,2
Rajasthan,1999,7,Monsoon,22.967741935483872,28.05,19.930434782608696,8.040909090909091,28.7,7
Rajasthan,1999,8,Monsoon,23.248387096774195,28.114814814814817,19.860869565217392,8.138095238095238,81.0,6
Rajasthan,1999,9,Monsoon,23.673333333333336,29.5,19.768,9.669565217391305,64.9,6
Rajasthan,1999,10,Post-Monsoon,23.19677419354839,28.433333333333334,19.931818181818183,8.5,190.6,11
Rajasthan,1999,11,Post-Monsoon,21.796666666666667,27.5,17.476,10.456521739130435,57.199999999999996,4
Rajasthan,1999,12,Winter,20.396428571428572,26.203703703703702,15.954545454545455,10.186363636363636,15.5,2
Rajasthan,2000,1,Winter,21.641935483870967,28.823076923076922,16.182758620689654,12.720833333333333,0.0,0
Rajasthan,2000,2,Winter,23.358620689655172,30.246153846153845,18.592307692307692,11.421739130434782,57.9,3
Rajasthan,2000,3,Pre-Monsoon,25.853333333333335,32.75185185185185,19.743333333333332,12.974074074074075,0.0,0
Rajasthan,2000,4,Pre-Monsoon,26.90666666666667,33.98461538461539,21.884615384615383,11.963636363636363,55.9,4
Rajasthan,2000,5,Pre-Monsoon,25.932258064516127,32.37931034482759,21.139130434782608,11.281818181818183,33.9,3
Rajasthan,2000,6,Monsoon,23.21333333333333,28.24074074074074,19.97037037037037,8.429166666666667,84.6,9
Rajasthan,2000,7,Monsoon,23.19677419354839,28.470000000000002,19.62962962962963,8.930769230769231,98.4,6
Rajasthan,2000,8,Monsoon,22.809677419354838,27.467741935483872,19.576,8.144,273.90000000000003,16
Rajasthan,2000,9,Monsoon,23.503333333333334,28.709999999999997,20.043478260869566,8.569565217391304,101.9,6
Rajasthan,2000,10,Post-Monsoon,22.716129032258067,28.370967741935484,18.73478260869565,9.843478260869565,309.9,12
Rajasthan,2000,11,Post-Monsoon,22.046666666666667,27.548275862068966,17.650000000000002,10.06818181818182,7.1,1
Rajasthan,2000,12,Winter,20.219354838709677,27.06206896551724,14.829629629629629,12.144,12.700000000000001,1
Rajasthan,2001,1,Winter,21.43548387096774,28.4,16.448275862068964,11.93448275862069,0.0,0
Rajasthan,2001,2,Winter,24.88214285714286,32.63214285714285,18.64,14.02,0.0,0
Rajasthan,2001,3,Pre-Monsoon,26.63225806451613,33.60666666666667,20.836666666666666,12.824137931034482,1.0,0
Rajasthan,2001,4,Pre-Monsoon,26.336666666666666,32.20666666666667,21.726086956521737,10.830434782608695,213.6,5
Rajasthan,2001,5,Pre-Monsoon,26.574193548387097,33.175862068965515,21.617391304347827,11.547619047619047,15.0,1
Rajasthan,2001,6,Monsoon,24.28666666666667,29.613793103448273,20.61111111111111,9.01923076923077,10.899999999999999,3
Rajasthan,2001,7,Monsoon,23.351612903225806,28.738709677419354,20.15,8.857692307692307,50.900000000000006,3
Rajasthan,2001,8,Monsoon,22.5258064516129,27.64074074074074,19.673076923076923,7.877272727272728,82.9,12
Rajasthan,2001,9,Monsoon,23.71333333333333,29.224,20.008695652173913,9.34,244.4,13
Rajasthan,2001,10,Post-Monsoon,22.838709677419356,27.433333333333334,19.638461538461538,7.635999999999999,144.5,12
Rajasthan,2001,11,Post-Monsoon,22.246666666666666,27.444827586206895,18.226923076923075,9.232000000000001,27.2,3
Rajasthan,2001,12,Winter,20.59032258064516,26.396153846153844,15.781481481481482,10.512500000000001,0.0,0
Rajasthan,2002,1,Winter,21.683870967741935,28.455172413793104,16.613793103448277,11.785185185185185,0.0,0
Rajasthan,2002,2,Winter,22.942857142857143,29.928571428571427,17.04074074074074,12.903703703703705,0.0,0
Rajasthan,2002,3,Pre-Monsoon,26.516129032258064,33.690322580645166,19.892307692307693,13.761538461538462,0.0,0
Rajasthan,2002,4,Pre-Monsoon,28.103333333333335,34.76896551724138,22.48846153846154,12.184000000000001,8.9,1
Rajasthan,2002,5,Pre-Monsoon,26.67096774193548,33.14333333333333,22.02,11.120833333333332,113.60000000000001,5
Rajasthan,2002,6,Monsoon,24.573333333333334,29.77777777777778,20.923076923076923,8.829166666666666,174.0,7
Rajasthan,2002,7,Monsoon,23.89032258064516,29.35483870967742,20.02962962962963,9.4,30.1,6
Rajasthan,2002,8,Monsoon,23.53666666666667,28.582142857142856,20.01923076923077,8.612,41.1,6
Rajasthan,2002,9,Monsoon,24.283333333333335,30.413793103448278,20.232,10.168,47.099999999999994,3
Rajasthan,2002,10,Post-Monsoon,23.46333333333333,28.51111111111111,20.154545454545453,8.015,131.9,7
Rajasthan,2002,11,Post-Monsoon,22.006666666666668,28.182142857142857,17.571428571428573,11.242105263157894,25.9,1
Rajasthan,2002,12,Winter,20.94193548387097,28.561290322580643,14.889285714285714,13.725,0.0,0
Rajasthan,2003,1,Winter,21.526666666666664,29.04642857142857,16.01851851851852,13.053846153846154,0.0,0
Rajasthan,2003,2,Winter,24.65357142857143,31.71851851851852,18.934615384615384,12.896153846153847,2.0,1
Rajasthan,2003,3,Pre-Monsoon,26.65806451612903,33.73548387096774,20.290000000000003,13.503333333333334,3.4,1
Rajasthan,2003,4,Pre-Monsoon,27.376666666666665,34.096666666666664,22.192592592592593,11.81851851851852,29.200000000000003,3
Rajasthan,2003,5,Pre-Monsoon,28.229032258064517,35.28,22.69259259259259,12.55,0.5,0
Rajasthan,2003,6,Monsoon,25.28965517241379,31.465384615384615,20.945454545454545,10.131578947368421,82.0,6
Rajasthan,2003,7,Monsoon,23.751612903225805,29.163333333333334,20.46923076923077,8.652000000000001,86.7,6
Rajasthan,2003,8,Monsoon,23.335483870967742,28.76666666666667,20.170833333333334,8.754545454545454,113.1,11
Rajasthan,2003,9,Monsoon,23.736666666666668,29.156,19.75185185185185,9.327272727272726,76.4,8
Rajasthan,2003,10,Post-Monsoon,23.225806451612904,28.79310344827586,19.766666666666666,9.240909090909092,204.5,8
Rajasthan,2003,11,Post-Monsoon,22.066666666666666,27.762962962962963,17.840740740740742,9.988,27.4,1
Rajasthan,2003,12,Winter,20.883870967741935,27.791999999999998,16.039285714285715,11.547826086956523,3.0,1
Rajasthan,2004,1,Winter,21.529032258064515,28.975862068965515,16.292307692307695,12.9625,4.1,1
Rajasthan,2004,2,Winter,23.413793103448278,31.314285714285713,16.58076923076923,14.856,2.0,1
Rajasthan,2004,3,Pre-Monsoon,26.68064516129032,34.266666666666666,19.986666666666668,14.327586206896552,1.3,0
Rajasthan,2004,4,Pre-Monsoon,27.48,34.12758620689655,22.417391304347827,12.181818181818182,45.9,5
Rajasthan,2004,5,Pre-Monsoon,24.12258064516129,29.73225806451613,20.704545454545453,9.022727272727273,140.4,7
Rajasthan,2004,6,Monsoon,23.633333333333333,29.026666666666664,19.967857142857145,9.132142857142856,70.3,9
Rajasthan,2004,7,Monsoon,22.864516129032257,28.283333333333335,19.745833333333334,8.81304347826087,283.5,14
Rajasthan,2004,8,Monsoon,22.94193548387097,28.164516129032258,19.65666666666667,8.49,58.0,9
Rajasthan,2004,9,Monsoon,23.06,27.879310344827587,19.8,8.325000000000001,248.7,10
Rajasthan,2004,10,Post-Monsoon,22.741935483870968,27.76774193548387,19.31153846153846,8.588461538461539,152.6,10
Rajasthan,2004,11,Post-Monsoon,21.490000000000002,26.917241379310347,17.247826086956522,9.768181818181818,19.4,3
Rajasthan,2004,12,Winter,20.858064516129033,28.112903225806452,15.278571428571428,12.9,0.0,0
Rajasthan,2005,1,Winter,22.04516129032258,29.089655172413792,16.589655172413792,12.670370370370371,0.0,0
Rajasthan,2005,2,Winter,24.217857142857145,31.91111111111111,17.842307692307692,14.1,7.9,1
Rajasthan,2005,3,Pre-Monsoon,26.503225806451614,33.67333333333333,20.66551724137931,13.010714285714286,10.9,1
Rajasthan,2005,4,Pre-Monsoon,26.313333333333333,32.72666666666667,21.645454545454545,11.381818181818183,81.60000000000001,5
Rajasthan,2005,5,Pre-Monsoon,26.72258064516129,33.85862068965517,21.849999999999998,12.117391304347825,158.7,11
Rajasthan,2005,6,Monsoon,24.553333333333335,30.19333333333333,20.73076923076923,9.396153846153847,103.6,6
Rajasthan,2005,7,Monsoon,23.216129032258067,28.53666666666667,20.024,8.529166666666667,103.3,11
Rajasthan,2005,8,Monsoon,23.18064516129032,28.240000000000002,19.846153846153847,8.3,200.8,9
Rajasthan,2005,9,Monsoon,23.290000000000003,28.25,19.81153846153846,8.407692307692308,181.0,11
Rajasthan,2005,10,Post-Monsoon,22.58709677419355,27.483333333333334,19.58,7.916666666666667,604.5,18
Rajasthan,2005,11,Post-Monsoon,20.84333333333333,26.2,17.1,9.116,60.4,7
Rajasthan,2005,12,Winter,20.83225806451613,26.70344827586207,16.41111111111111,10.22,9.1,2
Rajasthan,2006,1,Winter,21.57741935483871,28.59642857142857,15.846428571428572,12.975999999999999,0.5,0
Rajasthan,2006,2,Winter,22.646428571428572,30.755555555555556,15.511111111111111,15.21923076923077,0.0,0
Rajasthan,2006,3,Pre-Monsoon,25.403225806451612,32.19,19.893103448275863,12.285714285714286,89.1,5
Rajasthan,2006,4,Pre-Monsoon,27.4,33.916666666666664,22.325,11.792857142857143,35.9,1
Rajasthan,2006,5,Pre-Monsoon,25.661290322580644,32.1258064516129,21.276,10.927999999999999,126.5,7
Rajasthan,2006,6,Monsoon,24.16,29.64,20.38076923076923,9.361538461538462,153.8,11
Rajasthan,2006,7,Monsoon,23.374193548387098,28.616129032258065,20.003846153846155,8.757692307692308,0.8,0
Rajasthan,2006,8,Monsoon,23.629032258064516,28.89,20.063333333333333,8.826666666666666,18.3,2
Rajasthan,2006,9,Monsoon,24.176666666666666,29.956666666666667,20.416,9.632,55.5,8
Rajasthan,2006,10,Post-Monsoon,23.761290322580646,29.37741935483871,19.99285714285714,9.689285714285715,62.0,7
Rajasthan,2006,11,Post-Monsoon,22.453333333333333,27.663333333333334,18.907692307692308,8.726923076923075,44.5,6
Rajasthan,2006,12,Winter,20.62258064516129,27.162068965517243,15.9,11.248148148148148,0.3,0
Rajasthan,2007,1,Winter,21.664516129032258,29.07,15.773333333333333,13.27241379310345,0.0,0
Rajasthan,2007,2,Winter,23.510714285714283,30.926923076923078,17.107142857142858,13.823076923076922,0.0,0
Rajasthan,2007,3,Pre-Monsoon,26.91290322580645,33.95,20.67241379310345,13.321428571428571,0.0,0
Rajasthan,2007,4,Pre-Monsoon,27.38,34.11071428571429,21.95,12.245454545454544,135.9,6
Rajasthan,2007,5,Pre-Monsoon,26.726666666666667,33.306666666666665,21.684,11.687999999999999,168.1,9
Rajasthan,2007,6,Monsoon,24.553333333333335,29.26153846153846,20.76,8.376190476190477,46.8,6
Rajasthan,2007,7,Monsoon,23.551612903225806,28.73448275862069,20.355999999999998,8.38695652173913,485.8,11
Rajasthan,2007,8,Monsoon,23.03666666666667,27.87,20.0,7.84074074074074,226.7,10
Rajasthan,2007,9,Monsoon,23.203333333333333,28.055172413793105,19.891666666666666,8.421739130434784,172.8,10
Rajasthan,2007,10,Post-Monsoon,23.32,28.446666666666665,19.62962962962963,9.037037037037036,151.4,12
Rajasthan,2007,11,Post-Monsoon,21.866666666666667,27.85666666666667,17.254545454545454,10.554545454545455,35.400000000000006,3
Rajasthan,2007,12,Winter,20.612903225806452,26.4,16.460714285714285,10.174074074074074,42.6,3
Rajasthan,2008,1,Winter,21.674193548387095,29.36785714285714,16.00344827586207,13.649999999999999,0.0,0
Rajasthan,2008,2,Winter,23.724137931034484,30.13703703703704,18.729629629629628,11.224,20.1,2
Rajasthan,2008,3,Pre-Monsoon,23.9741935483871,30.274193548387096,18.620833333333334,11.7125,46.5,6
Rajasthan,2008,4,Pre-Monsoon,26.759999999999998,33.21666666666667,21.537037037037038,12.092592592592593,12.2,3
Rajasthan,2008,5,Pre-Monsoon,26.403225806451612,33.93666666666667,21.52592592592593,12.434615384615386,84.3,9
Rajasthan,2008,6,Monsoon,24.163333333333334,29.348275862068967,20.319230769230767,9.064,114.0,3
Rajasthan,2008,7,Monsoon,23.458064516129035,28.65,20.065384615384616,8.8,284.0,14
Rajasthan,2008,8,Monsoon,22.919354838709676,27.61935483870968,20.096153846153847,7.5307692307692315,308.1,15
Rajasthan,2008,9,Monsoon,23.56,28.62,19.715999999999998,9.252,140.1,7
Rajasthan,2008,10,Post-Monsoon,22.72258064516129,28.086666666666666,19.12222222222222,8.923076923076923,132.5,8
Rajasthan,2008,11,Post-Monsoon,22.003333333333334,27.65357142857143,17.677777777777777,10.06,41.4,4
Rajasthan,2008,12,Winter,21.19677419354839,27.386666666666667,16.344827586206897,11.232142857142858,1.0,0
Rajasthan,2009,1,Winter,21.038709677419355,28.186206896551724,15.296774193548387,12.879310344827585,0.0,0
Rajasthan,2009,2,Winter,24.332142857142856,31.907142857142855,17.710714285714285,14.196428571428571,0.0,0
Rajasthan,2009,3,Pre-Monsoon,26.138709677419353,33.11612903225806,20.351612903225806,12.764516129032259,2.0,1
Rajasthan,2009,4,Pre-Monsoon,27.6,34.57241379310345,21.97037037037037,12.5,49.0,4
Rajasthan,2009,5,Pre-Monsoon,26.135483870967743,32.66,21.203571428571426,11.417857142857143,150.6,9
Rajasthan,2009,6,Monsoon,24.310344827586206,29.74642857142857,20.328,9.5375,195.4,4
Rajasthan,2009,7,Monsoon,23.11935483870968,27.858064516129033,20.161290322580644,7.696774193548387,16.0,3
Rajasthan,2009,8,Monsoon,23.700000000000003,28.509677419354837,20.322580645161292,8.187096774193549,126.0,6
Rajasthan,2009,9,Monsoon,23.18,28.017241379310345,19.99655172413793,7.960714285714286,347.2,18
Rajasthan,2009,10,Post-Monsoon,23.822580645161292,28.95483870967742,19.36774193548387,9.587096774193547,23.6,4
Rajasthan,2009,11,Post-Monsoon,22.69,27.31,19.13,8.18,41.9,7
Rajasthan,2009,12,Winter,21.625806451612902,27.038709677419355,17.65,9.343333333333334,1.3,0
Rajasthan,2010,1,Winter,21.741935483870968,28.151612903225807,17.02,11.16,0.3,0
Rajasthan,2010,2,Winter,24.592857142857145,31.892857142857142,18.257692307692306,13.48076923076923,0.0,0
Rajasthan,2010,3,Pre-Monsoon,27.225806451612904,34.17333333333333,21.227586206896554,12.932142857142859,6.1,1
Rajasthan,2010,4,Pre-Monsoon,27.65,34.68666666666666,22.477272727272727,12.381818181818183,88.2,4
Rajasthan,2010,5,Pre-Monsoon,26.816129032258065,32.95483870967742,22.27037037037037,10.87037037037037,109.6,12
Rajasthan,2010,6,Monsoon,24.616666666666667,29.83,21.104166666666668,8.575000000000001,96.6,7
Rajasthan,2010,7,Monsoon,23.12258064516129,27.563333333333333,20.2,7.346153846153846,91.7,9
Rajasthan,2010,8,Monsoon,23.283870967741933,27.358064516129033,20.418518518518518,7.003703703703703,90.4,9
Rajasthan,2010,9,Monsoon,23.573333333333334,27.93103448275862,20.264285714285712,7.592592592592593,73.6,9
Rajasthan,2010,10,Post-Monsoon,23.351612903225806,28.39,20.255555555555556,8.23846153846154,139.2,8
Rajasthan,2010,11,Post-Monsoon,22.08,26.426666666666666,19.276923076923076,6.976923076923077,138.9,5
Rajasthan,2010,12,Winter,20.91290322580645,27.06451612903226,16.848148148148148,10.396296296296295,0.8,0
Rajasthan,2011,1,Winter,21.616129032258065,29.35483870967742,15.47,13.9,0.0,0
Rajasthan,2011,2,Winter,22.925,30.517857142857142,16.54285714285714,13.975,23.1,1
Rajasthan,2011,3,Pre-Monsoon,25.961290322580645,33.42258064516129,19.212903225806453,14.20967741935484,0.0,0
Rajasthan,2011,4,Pre-Monsoon,26.246666666666666,33.440000000000005,21.373076923076926,11.984615384615385,185.70000000000002,3
Rajasthan,2011,5,Pre-Monsoon,25.82903225806452,32.81935483870968,21.336666666666666,11.496666666666666,118.4,6
Rajasthan,2011,6,Monsoon,23.793333333333333,29.513793103448275,20.392592592592592,9.11923076923077,19.099999999999998,3
Rajasthan,2011,7,Monsoon,23.032258064516128,28.583870967741937,20.044444444444448,8.437037037037037,79.9,11
Rajasthan,2011,8,Monsoon,22.806451612903224,28.299999999999997,20.138709677419353,8.161290322580646,276.8,17
Rajasthan,2011,9,Monsoon,23.503333333333334,28.796666666666667,20.096551724137928,8.658620689655173,110.5,9
Rajasthan,2011,10,Post-Monsoon,23.470967741935485,29.661290322580644,20.22142857142857,9.364285714285714,70.5,5
Rajasthan,2011,11,Post-Monsoon,21.85666666666667,27.759999999999998,17.84333333333333,9.916666666666666,32.8,4
Rajasthan,2011,12,Winter,21.03548387096774,28.14516129032258,15.916129032258064,12.229032258064517,7.1,1
Rajasthan,2012,1,Winter,21.716129032258067,29.364516129032257,16.212903225806453,13.151612903225805,0.3,0
Rajasthan,2012,2,Winter,23.900000000000002,31.879310344827587,17.186206896551724,14.693103448275862,0.0,0
Rajasthan,2012,3,Pre-Monsoon,26.93548387096774,34.729032258064514,20.480645161290322,14.248387096774193,0.8,0
Rajasthan,2012,4,Pre-Monsoon,27.846666666666668,35.26,22.503333333333334,12.756666666666666,13.4,2
Rajasthan,2012,5,Pre-Monsoon,26.780645161290323,33.667741935483875,21.948387096774194,11.719354838709679,111.2,6
Rajasthan,2012,6,Monsoon,25.2,31.553333333333335,20.959999999999997,10.593333333333334,0.5,0
Rajasthan,2012,7,Monsoon,23.816129032258065,29.574193548387097,20.376666666666665,9.236666666666668,57.6,5
Rajasthan,2012,8,Monsoon,23.23548387096774,29.174193548387095,20.123333333333335,9.006666666666666,179.3,7
Rajasthan,2012,9,Monsoon,23.956666666666667,29.666666666666668,20.173333333333336,9.493333333333334,52.8,4
Rajasthan,2012,10,Post-Monsoon,23.141935483870967,29.206451612903226,19.43548387096774,9.770967741935483,45.3,6
Rajasthan,2012,11,Post-Monsoon,22.323333333333334,28.633333333333333,17.573333333333334,11.06,98.8,3
Rajasthan,2012,12,Winter,21.738709677419354,28.493548387096773,16.822580645161292,11.670967741935485,27.2,2
Rajasthan,2013,1,Winter,22.299999999999997,30.0258064516129,16.29,13.726666666666667,0.0,0
Rajasthan,2013,2,Winter,23.925,31.535714285714285,18.035714285714285,13.5,2.0,1
Rajasthan,2013,3,Pre-Monsoon,26.725806451612904,34.23870967741936,20.613333333333333,13.55,0.5,0
Rajasthan,2013,4,Pre-Monsoon,28.336666666666666,35.8,22.951724137931034,12.844827586206897,20.0,3
Rajasthan,2013,5,Pre-Monsoon,26.822580645161292,34.21290322580645,22.076923076923077,12.334615384615386,151.39999999999998,10
Rajasthan,2013,6,Monsoon,23.363333333333333,28.88,20.267857142857142,8.607142857142858,77.2,11
Rajasthan,2013,7,Monsoon,22.56451612903226,27.687096774193545,20.03793103448276,7.741379310344827,139.2,15
Rajasthan,2013,8,Monsoon,23.061290322580643,28.048387096774192,20.04642857142857,8.010714285714284,94.1,11
Rajasthan,2013,9,Monsoon,23.08,28.40666666666667,19.792857142857144,8.657142857142857,345.5,15
Rajasthan,2013,10,Post-Monsoon,23.4741935483871,28.932258064516127,20.12258064516129,8.809677419354838,100.2,10
Rajasthan,2013,11,Post-Monsoon,22.35,28.779999999999998,18.42758620689655,10.344827586206897,115.1,3
Rajasthan,2013,12,Winter,20.82903225806452,28.061290322580643,15.96206896551724,12.044827586206896,0.0,0
Rajasthan,2014,1,Winter,21.516129032258064,28.896774193548385,16.085714285714285,12.961904761904762,0.0,0
Rajasthan,2014,2,Winter,23.842857142857145,31.575,18.204,13.492,0.3,0
Rajasthan,2014,3,Pre-Monsoon,26.067741935483873,33.480645161290326,20.06451612903226,13.416129032258064,5.3999999999999995,1
Rajasthan,2014,4,Pre-Monsoon,28.396666666666665,35.723333333333336,22.833333333333332,12.889999999999999,5.6,1
Rajasthan,2014,5,Pre-Monsoon,27.06451612903226,34.17741935483871,22.900000000000002,11.375,74.9,8
Rajasthan,2014,6,Monsoon,25.36,31.283333333333335,23.026666666666664,8.256666666666668,81.0,2
Rajasthan,2014,7,Monsoon,23.364516129032257,28.551612903225806,22.599999999999998,6.025,122.89999999999999,13
Rajasthan,2014,8,Monsoon,23.345161290322583,28.541935483870965,21.67096774193548,6.870967741935484,102.5,13
Rajasthan,2014,9,Monsoon,23.77,29.25,20.92,8.33,319.0,12
Rajasthan,2014,10,Post-Monsoon,23.283870967741933,29.02258064516129,20.570967741935487,8.451612903225806,338.9,12
Rajasthan,2014,11,Post-Monsoon,21.956666666666667,28.186666666666667,18.533333333333335,9.653333333333334,25.6,3
Rajasthan,2014,12,Winter,21.66774193548387,28.0,18.335483870967742,9.66451612903226,0.0,0
Rajasthan,2015,1,Winter,21.38064516129032,28.35483870967742,17.106451612903225,11.248387096774193,9.1,2
Rajasthan,2015,2,Winter,23.485714285714288,31.414285714285715,16.835714285714285,14.578571428571431,0.0,0
Rajasthan,2015,3,Pre-Monsoon,25.96451612903226,33.358064516129026,20.26451612903226,13.093548387096776,35.8,2
Rajasthan,2015,4,Pre-Monsoon,26.046666666666667,33.25,21.985714285714288,11.353571428571428,168.7,9
Rajasthan,2015,5,Pre-Monsoon,25.629032258064516,32.29032258064516,21.875862068965517,10.444827586206896,178.0,8
Rajasthan,2015,6,Monsoon,24.17,30.16,21.40666666666667,8.753333333333334,52.199999999999996,9
Rajasthan,2015,7,Monsoon,23.864516129032257,29.79032258064516,20.70967741935484,9.080645161290322,90.0,9
Rajasthan,2015,8,Monsoon,23.79032258064516,29.551612903225806,20.89032258064516,8.661290322580646,109.4,12
Rajasthan,2015,9,Monsoon,23.98,30.023333333333333,20.69333333333333,9.33,184.0,10
Rajasthan,2015,10,Post-Monsoon,24.470967741935485,30.541935483870965,20.362068965517242,10.210344827586209,39.3,7
Rajasthan,2015,11,Post-Monsoon,21.533333333333335,26.470000000000002,19.02,7.22,158.6,11
Rajasthan,2015,12,Winter,22.05806451612903,28.358064516129033,18.048387096774192,10.30967741935484,112.30000000000001,2
Rajasthan,2016,1,Winter,21.683870967741935,28.503333333333334,16.50967741935484,11.99,5.3,1
Rajasthan,2016,2,Winter,24.603448275862068,31.889655172413793,18.7551724137931,13.134482758620688,0.0,0
Rajasthan,2016,3,Pre-Monsoon,27.358064516129033,34.333333333333336,21.65,12.683333333333334,19.299999999999997,2
Rajasthan,2016,4,Pre-Monsoon,29.64333333333333,36.516666666666666,24.220000000000002,12.296666666666665,5.3999999999999995,1
Rajasthan,2016,5,Pre-Monsoon,27.070967741935487,33.619354838709675,22.603333333333335,11.193333333333333,123.7,7
Rajasthan,2016,6,Monsoon,23.6,29.376666666666665,20.756666666666668,8.62,173.9,18
Rajasthan,2016,7,Monsoon,23.116129032258065,28.22258064516129,20.183333333333334,7.956666666666666,208.3,13
Rajasthan,2016,8,Monsoon,23.419354838709676,28.596774193548388,20.24516129032258,8.351612903225808,77.8,8
Rajasthan,2016,9,Monsoon,23.34,28.183333333333334,20.076666666666664,8.106666666666666,42.3,7
Rajasthan,2016,10,Post-Monsoon,24.4741935483871,30.81935483870968,19.396774193548385,11.422580645161291,11.7,3
Rajasthan,2016,11,Post-Monsoon,23.509999999999998,30.77,18.11,12.66,1.5,1
Rajasthan,2016,12,Winter,21.503225806451614,28.52258064516129,16.625806451612902,11.896774193548387,72.9,4
Rajasthan,2017,1,Winter,21.816129032258065,28.60967741935484,16.596774193548388,12.01290322580645,0.3,0
Rajasthan,2017,2,Winter,23.84642857142857,31.79642857142857,17.114285714285714,14.682142857142859,0.0,0
Rajasthan,2017,3,Pre-Monsoon,27.032258064516128,33.94193548387097,21.1,12.823333333333332,45.199999999999996,2
Rajasthan,2017,4,Pre-Monsoon,28.416666666666668,35.89333333333333,22.853333333333335,13.04,29.299999999999997,4
Rajasthan,2017,5,Pre-Monsoon,26.82903225806452,33.86451612903225,21.68064516129032,12.183870967741935,242.1,9
Rajasthan,2017,6,Monsoon,24.43,29.94333333333333,20.77,9.173333333333334,41.00000000000001,4
Rajasthan,2017,7,Monsoon,23.983870967741936,29.451612903225808,20.429032258064513,9.02258064516129,57.0,9
Rajasthan,2017,8,Monsoon,23.74516129032258,28.90967741935484,20.716129032258067,8.193548387096774,352.0,16
Rajasthan,2017,9,Monsoon,23.623333333333335,28.816666666666666,20.266666666666666,8.55,500.8,17
Rajasthan,2017,10,Post-Monsoon,23.612903225806452,28.9741935483871,20.225806451612904,8.748387096774195,385.5,12
Rajasthan,2017,11,Post-Monsoon,22.84,28.06,19.06,9.0,20.6,4
Rajasthan,2017,12,Winter,21.529032258064515,27.63225806451613,16.94516129032258,10.687096774193549,19.6,2
Rajasthan,2018,1,Winter,21.70967741935484,28.787096774193547,16.09032258064516,12.696774193548386,0.0,0
Rajasthan,2018,2,Winter,23.625,31.09642857142857,17.307142857142857,13.789285714285715,3.0,2
Rajasthan,2018,3,Pre-Monsoon,26.161290322580644,33.306451612903224,19.938709677419357,13.367741935483872,34.3,2
Rajasthan,2018,4,Pre-Monsoon,27.05,33.73,22.1,11.63,54.4,5
Rajasthan,2018,5,Pre-Monsoon,25.661290322580644,32.21935483870968,21.326666666666664,10.913333333333334,263.0,14
Rajasthan,2018,6,Monsoon,23.52,28.79310344827586,20.62,8.186206896551724,50.0,11
Rajasthan,2018,7,Monsoon,23.23225806451613,28.006451612903227,20.325806451612905,7.680645161290323,83.6,10
Rajasthan,2018,8,Monsoon,22.748387096774195,27.683870967741935,19.983870967741936,7.699999999999999,158.3,17
Rajasthan,2018,9,Monsoon,24.246666666666666,29.583333333333332,20.389655172413793,9.23793103448276,142.9,9
Rajasthan,2018,10,Post-Monsoon,23.82903225806452,29.51290322580645,19.470967741935485,10.041935483870969,111.9,8
Rajasthan,2018,11,Post-Monsoon,22.873333333333335,29.176666666666666,18.423333333333336,10.753333333333334,18.9,2
Rajasthan,2018,12,Winter,22.30322580645161,28.60967741935484,17.741935483870968,10.86774193548387,15.700000000000001,2
Rajasthan,2019,1,Winter,21.48709677419355,29.229032258064517,15.187096774193549,14.041935483870969,0.8,0
Rajasthan,2019,2,Winter,24.7,31.557142857142857,18.564285714285713,12.992857142857144,0.0,0
Rajasthan,2019,3,Pre-Monsoon,27.683870967741935,34.65483870967742,21.700000000000003,12.954838709677418,0.0,0
Rajasthan,2019,4,Pre-Monsoon,28.41,35.406666666666666,23.183333333333334,12.223333333333334,81.9,4
Rajasthan,2019,5,Pre-Monsoon,27.14516129032258,34.07741935483871,22.33225806451613,11.745161290322581,108.0,7
Rajasthan,2019,6,Monsoon,25.506666666666668,31.220000000000002,21.426666666666666,9.793333333333333,83.0,8
Rajasthan,2019,7,Monsoon,24.02258064516129,29.361290322580647,20.690322580645162,8.670967741935485,90.39999999999999,9
Rajasthan,2019,8,Monsoon,23.019354838709678,27.938709677419357,20.383870967741935,7.554838709677419,146.20000000000002,15
Rajasthan,2019,9,Monsoon,23.759999999999998,28.563333333333333,20.743333333333332,7.819999999999999,137.7,11
Rajasthan,2019,10,Post-Monsoon,23.36774193548387,28.52258064516129,20.280645161290323,8.241935483870968,177.9,15
Rajasthan,2019,11,Post-Monsoon,23.283333333333335,28.733333333333334,19.259999999999998,9.473333333333333,60.4,5
Rajasthan,2019,12,Winter,21.5,26.9741935483871,17.835483870967742,9.138709677419355,12.5,3
Rajasthan,2020,1,Winter,22.80322580645161,29.929032258064513,17.4741935483871,12.45483870967742,0.3,0
Rajasthan,2020,2,Winter,24.044827586206896,31.372413793103448,17.982758620689655,13.389655172413793,0.0,0
Rajasthan,2020,3,Pre-Monsoon,26.664516129032258,33.87096774193548,20.896774193548385,12.974193548387097,8.1,1
Rajasthan,2020,4,Pre-Monsoon,27.276666666666664,34.309999999999995,21.8,12.51,121.1,5
Rajasthan,2020,5,Pre-Monsoon,27.24516129032258,33.86129032258064,22.529032258064515,11.332258064516129,106.19999999999999,5
Rajasthan,2020,6,Monsoon,24.44,30.183333333333334,20.853333333333335,9.33,118.2,10
Rajasthan,2020,7,Monsoon,23.64516129032258,28.758064516129032,20.799999999999997,7.958064516129032,154.1,15
Rajasthan,2020,8,Monsoon,23.403225806451612,28.148387096774194,20.46451612903226,7.683870967741935,61.2,12
Rajasthan,2020,9,Monsoon,23.163333333333334,28.08,20.076666666666664,8.003333333333334,298.5,13
Rajasthan,2020,10,Post-Monsoon,23.129032258064516,28.38064516129032,19.483870967741936,8.896774193548387,205.1,11
Rajasthan,2020,11,Post-Monsoon,22.483333333333334,27.873333333333335,18.80666666666667,9.066666666666666,81.89999999999999,7
Rajasthan,2020,12,Winter,21.17096774193548,27.05483870967742,17.34516129032258,9.709677419354838,20.5,5
Rajasthan,2021,1,Winter,21.874193548387098,28.03548387096774,17.467741935483872,10.56774193548387,18.5,2
Rajasthan,2021,2,Winter,22.764285714285712,29.99285714285714,16.70714285714286,13.285714285714286,11.1,3
Rajasthan,2021,3,Pre-Monsoon,26.006451612903227,33.37096774193548,18.10967741935484,15.261290322580646,0.0,0
Rajasthan,2021,4,Pre-Monsoon,26.68,33.50666666666667,20.75,12.756666666666666,129.1,6
Rajasthan,2021,5,Pre-Monsoon,25.551612903225806,31.6,21.096774193548388,10.503225806451614,154.8,11
Rajasthan,2021,6,Monsoon,24.05666666666667,29.28666666666667,20.459999999999997,8.826666666666666,108.1,13
Rajasthan,2021,7,Monsoon,23.125806451612902,27.712903225806453,20.34193548387097,7.370967741935484,191.4,17
Rajasthan,2021,8,Monsoon,23.419354838709676,28.241935483870968,20.216129032258067,8.025806451612903,99.5,16
Rajasthan,2021,9,Monsoon,23.34,28.323333333333334,19.993333333333332,8.33,190.2,13
Rajasthan,2021,10,Post-Monsoon,23.296774193548387,28.44193548387097,19.896774193548385,8.545161290322582,399.1,20
Rajasthan,2021,11,Post-Monsoon,21.733333333333334,25.73,19.273333333333333,6.456666666666666,276.3,17
Rajasthan,2021,12,Winter,20.967741935483872,26.76774193548387,16.5258064516129,10.241935483870968,19.2,4
Rajasthan,2022,1,Winter,21.58709677419355,27.716129032258067,16.30322580645161,11.412903225806453,6.7,2
Rajasthan,2022,2,Winter,22.807142857142857,29.739285714285717,16.060714285714287,13.678571428571429,0.0,0
Rajasthan,2022,3,Pre-Monsoon,25.567741935483873,32.65806451612903,18.893548387096775,13.764516129032257,18.9,4
Rajasthan,2022,4,Pre-Monsoon,26.78666666666667,33.82333333333334,20.259999999999998,13.563333333333334,139.6,5
Rajasthan,2022,5,Pre-Monsoon,24.30322580645161,30.451612903225808,20.41290322580645,10.038709677419355,282.7,17
Rajasthan,2022,6,Monsoon,23.87,29.533333333333335,20.203333333333333,9.33,230.4,16
Rajasthan,2022,7,Monsoon,22.796,27.144000000000002,20.204,6.94,130.20000000000002,9
Rourkela,2021,1,Winter,25.82,30.939999999999998,21.68,9.260000000000002,20.599999999999998,2
Rourkela,2021,2,Winter,26.2,31.18,22.080000000000002,9.1,18.5,2
Rourkela,2021,3,Pre-Monsoon,26.22,30.78,22.48,8.3,30.7,2
Rourkela,2021,4,Pre-Monsoon,26.1,29.76,23.22,6.540000000000001,30.4,3
Rourkela,2021,5,Pre-Monsoon,26.2,30.339999999999996,23.339999999999996,7.0,17.7,4
Rourkela,2021,6,Monsoon,26.55,31.116666666666664,23.083333333333332,8.033333333333333,29.3,2
Rourkela,2021,7,Monsoon,26.78333333333333,31.25,23.25,8.0,32.9,3
Rourkela,2021,8,Monsoon,26.133333333333336,30.5,22.650000000000002,7.849999999999999,83.80000000000001,3
Rourkela,2021,9,Monsoon,26.566666666666666,30.933333333333337,22.95,7.983333333333334,30.0,3
Rourkela,2021,10,Post-Monsoon,26.5,31.383333333333336,22.650000000000002,8.733333333333334,17.1,3
Rourkela,2021,11,Post-Monsoon,26.516666666666666,31.483333333333334,22.53333333333333,8.950000000000001,63.300000000000004,3
Rourkela,2021,12,Winter,26.900000000000002,31.633333333333336,23.316666666666666,8.316666666666668,22.9,4
Rourkela,2022,1,Winter,27.144444444444446,33.67777777777778,22.055555555555557,11.622222222222224,41.0,3
Rourkela,2022,2,Winter,27.322222222222223,33.97777777777778,22.255555555555556,11.722222222222221,34.4,3
Rourkela,2022,3,Pre-Monsoon,27.188888888888886,33.577777777777776,22.322222222222223,11.255555555555555,39.099999999999994,3
Rourkela,2022,4,Pre-Monsoon,26.844444444444445,33.05555555555556,22.144444444444446,10.911111111111113,60.5,6
Rourkela,2022,5,Pre-Monsoon,26.5125,33.0375,21.6125,11.425,31.5,3
Rourkela,2022,6,Monsoon,26.5125,33.0,21.25,11.75,23.4,2
Rourkela,2022,7,Monsoon,27.1625,34.05,21.6,12.45,7.5,2
Rourkela,2022,8,Monsoon,27.4375,34.4625,21.8125,12.650000000000002,10.2,2
Rourkela,2022,9,Monsoon,27.5,33.875,22.1625,11.7125,20.9,3
Rourkela,2022,10,Post-Monsoon,27.4875,32.9,23.0875,9.8125,24.3,3
Rourkela,2022,11,Post-Monsoon,27.0625,32.475,22.5,9.975000000000001,51.3,4
Rourkela,2022,12,Winter,27.1375,32.975,22.3,10.675,50.900000000000006,3
